date_num,Group,ProductId,ZoneId,Sales_$
1393,g3,p28,z23,0.016090226
1449,g3,p28,z23,0.016090226
1418,g3,p28,z23,0.013984962
1464,g3,p28,z23,0.016090226
1446,g3,p28,z23,0.016090226
1429,g3,p28,z23,0.016090226
1438,g3,p28,z23,0.016090226
1432,g3,p28,z23,0.016090226
1435,g3,p28,z23,0.032180451
1461,g3,p28,z23,0.032180451
1427,g3,p28,z23,0.048270677
1388,g3,p28,z23,0.048270677
1442,g3,p28,z23,0.048270677
1454,g3,p28,z23,0.064360902
1455,g3,p28,z23,0.064360902
1446,g3,p28,z23,0.064360902
1393,g3,p28,z23,0.064360902
1391,g3,p28,z23,0.064360902
1453,g3,p28,z23,0.064360902
1386,g3,p28,z23,0.064360902
1453,g3,p28,z23,0.064360902
1457,g3,p28,z23,0.064360902
1442,g3,p28,z23,0.080451128
1427,g3,p28,z23,0.078037594
1460,g3,p28,z23,0.080451128
1425,g3,p28,z23,0.080451128
1424,g3,p28,z23,0.080451128
1448,g3,p28,z23,0.080451128
1454,g3,p28,z23,0.096541353
1441,g3,p28,z23,0.112631579
1394,g3,p28,z23,0.112631579
1455,g3,p28,z23,0.112631579
1426,g3,p28,z23,0.112631579
1465,g3,p28,z23,0.466618045
1447,g3,p28,z23,0.397428571
1415,g3,p28,z23,0.279699248
1437,g3,p28,z23,0.321804511
1417,g3,p28,z23,0.265714286
1440,g3,p28,z23,0.305714286
1464,g3,p28,z23,0.305714286
1388,g3,p28,z23,0.305714286
1452,g3,p28,z23,0.28962406
1384,g3,p28,z23,0.28962406
1446,g3,p28,z23,0.271120301
1382,g3,p28,z23,0.273533835
1416,g3,p28,z23,0.223759398
1433,g3,p28,z23,0.257443609
1395,g3,p28,z23,0.257443609
1430,g3,p28,z23,0.257443609
1389,g3,p28,z23,0.257443609
1449,g3,p28,z23,0.241353383
1422,g3,p28,z23,0.241353383
1444,g3,p28,z23,0.225263158
1443,g3,p28,z23,0.225263158
1386,g3,p28,z23,0.209172932
1459,g3,p28,z23,0.209172932
1463,g3,p28,z23,0.209172932
1439,g3,p28,z23,0.209172932
1432,g3,p28,z23,0.209172932
1456,g3,p28,z23,0.193082707
1457,g3,p28,z23,0.193082707
1431,g3,p28,z23,0.193082707
1413,g3,p28,z23,0.167819549
1419,g3,p28,z23,0.167819549
1387,g3,p28,z23,0.193082707
1429,g3,p28,z23,0.193082707
1412,g3,p28,z23,0.167819549
1390,g3,p28,z23,0.176992481
1451,g3,p28,z23,0.176992481
1438,g3,p28,z23,0.176992481
1458,g3,p28,z23,0.160902256
1420,g3,p28,z23,0.160902256
1421,g3,p28,z23,0.160902256
1445,g3,p28,z23,0.160902256
1383,g3,p28,z23,0.160902256
1434,g3,p28,z23,0.160902256
1428,g3,p28,z23,0.156075188
1462,g3,p28,z23,0.14481203
1423,g3,p28,z23,0.14481203
1418,g3,p28,z23,0.125864662
1414,g3,p28,z23,0.125864662
1385,g3,p28,z23,0.14481203
1450,g3,p28,z23,0.14481203
1461,g3,p28,z23,0.14481203
1411,g3,p28,z23,0.111879699
1392,g3,p28,z23,0.128721805
1436,g3,p28,z23,0.128721805
1435,g3,p28,z23,0.128721805
1432,g3,p28,z23,0.080451128
1434,g3,p28,z23,0.080451128
1463,g3,p28,z23,0.080451128
1448,g3,p28,z23,0.078037594
1421,g3,p28,z23,0.096541353
1462,g3,p28,z23,0.112631579
1433,g3,p28,z23,0.112631579
1456,g3,p28,z23,0.112631579
1436,g3,p28,z23,0.112631579
1459,g3,p28,z23,0.128721805
1443,g3,p28,z23,0.128721805
1447,g3,p28,z23,0.128721805
1441,g3,p28,z23,0.128721805
1444,g3,p28,z23,0.128721805
1450,g3,p28,z23,0.14481203
1440,g3,p28,z23,0.14481203
1445,g3,p28,z23,0.14481203
1392,g3,p28,z23,0.14481203
1458,g3,p28,z23,0.14481203
1439,g3,p28,z23,0.14481203
1422,g3,p28,z23,0.160902256
1425,g3,p28,z23,0.160902256
1420,g3,p28,z23,0.160902256
1383,g3,p28,z23,0.160902256
1390,g3,p28,z23,0.176992481
1460,g3,p28,z23,0.176992481
1437,g3,p28,z23,0.193082707
1391,g3,p28,z23,0.193082707
1426,g3,p28,z23,0.193082707
1424,g3,p28,z23,0.209172932
1387,g3,p28,z23,0.209172932
1384,g3,p28,z23,0.209172932
1451,g3,p28,z23,0.209172932
1414,g3,p28,z23,0.181804511
1411,g3,p28,z23,0.181804511
1418,g3,p28,z23,0.181804511
1431,g3,p28,z23,0.199518797
1428,g3,p28,z23,0.201932331
1385,g3,p28,z23,0.225263158
1438,g3,p28,z23,0.225263158
1464,g3,p28,z23,0.225263158
1413,g3,p28,z23,0.195789474
1389,g3,p28,z23,0.241353383
1465,g3,p28,z23,0.241353383
1412,g3,p28,z23,0.209774436
1452,g3,p28,z23,0.257443609
1429,g3,p28,z23,0.257443609
1416,g3,p28,z23,0.251729323
1430,g3,p28,z23,0.28962406
1382,g3,p28,z23,0.28962406
1423,g3,p28,z23,0.305714286
1394,g3,p28,z23,0.305714286
1395,g3,p28,z23,0.305714286
1419,g3,p28,z23,0.279699248
1417,g3,p28,z23,0.433533835
1388,g3,p28,z23,0.43443609
1415,g3,p28,z23,0.335646617
141,g3,p28,z23,0.096240602
264,g3,p28,z23,0.096240602
1087,g3,p28,z23,0.113082707
896,g3,p28,z23,0.113082707
1267,g3,p28,z23,0.113082707
1033,g3,p28,z23,0.120300752
1183,g3,p28,z23,0.128721805
446,g3,p28,z23,0.101654135
1062,g3,p28,z23,0.120646617
874,g3,p28,z23,0.110676692
10,g3,p28,z23,0.083007519
21,g3,p28,z23,0.083007519
416,g3,p28,z23,0.103218045
934,g3,p28,z23,0.120300752
1194,g3,p28,z23,0.122706767
924,g3,p28,z23,0.103458647
630,g3,p28,z23,0.110075188
686,g3,p28,z23,0.110075188
1146,g3,p28,z23,0.128721805
1147,g3,p28,z23,0.128721805
1188,g3,p28,z23,0.128721805
1296,g3,p28,z23,0.128721805
1309,g3,p28,z23,0.128721805
783,g3,p28,z23,0.120300752
792,g3,p28,z23,0.120300752
909,g3,p28,z23,0.113082707
1070,g3,p28,z23,0.113082707
1079,g3,p28,z23,0.113082707
1283,g3,p28,z23,0.113082707
50,g3,p28,z23,0.090225564
20,g3,p28,z23,0.083007519
25,g3,p28,z23,0.083007519
1316,g3,p28,z23,0.114285714
345,g3,p28,z23,0.096240602
470,g3,p28,z23,0.096240602
1343,g3,p28,z23,0.140977444
1189,g3,p28,z23,0.139548872
707,g3,p28,z23,0.123834586
79,g3,p28,z23,0.093383459
83,g3,p28,z23,0.093383459
847,g3,p28,z23,0.124511278
852,g3,p28,z23,0.124511278
1225,g3,p28,z23,0.135338346
185,g3,p28,z23,0.108270677
902,g3,p28,z23,0.127218045
1008,g3,p28,z23,0.127218045
1092,g3,p28,z23,0.127218045
1094,g3,p28,z23,0.127218045
1253,g3,p28,z23,0.127218045
1260,g3,p28,z23,0.127218045
293,g3,p28,z23,0.097443609
1205,g3,p28,z23,0.135338346
12,g3,p28,z23,0.093383459
945,g3,p28,z23,0.129924812
951,g3,p28,z23,0.129924812
931,g3,p28,z23,0.135338346
350,g3,p28,z23,0.108270677
1012,g3,p28,z23,0.127218045
1074,g3,p28,z23,0.127218045
1215,g3,p28,z23,0.135338346
257,g3,p28,z23,0.105864662
1191,g3,p28,z23,0.140300752
192,g3,p28,z23,0.108270677
1259,g3,p28,z23,0.127218045
1266,g3,p28,z23,0.127218045
1268,g3,p28,z23,0.127218045
769,g3,p28,z23,0.135338346
781,g3,p28,z23,0.135338346
1034,g3,p28,z23,0.135338346
1065,g3,p28,z23,0.135338346
247,g3,p28,z23,0.108270677
254,g3,p28,z23,0.108270677
182,g3,p28,z23,0.100150376
217,g3,p28,z23,0.100150376
237,g3,p28,z23,0.100150376
1179,g3,p28,z23,0.14481203
433,g3,p28,z23,0.114360902
504,g3,p28,z23,0.114360902
981,g3,p28,z23,0.128571429
48,g3,p28,z23,0.101503759
320,g3,p28,z23,0.104210526
1043,g3,p28,z23,0.119097744
410,g3,p28,z23,0.116416541
537,g3,p28,z23,0.112571429
980,g3,p28,z23,0.128572932
1077,g3,p28,z23,0.132631579
359,g3,p28,z23,0.120577444
422,g3,p28,z23,0.129318797
774,g3,p28,z23,0.148415038
1048,g3,p28,z23,0.132330827
1104,g3,p28,z23,0.136842105
730,g3,p28,z23,0.137593985
631,g3,p28,z23,0.137593985
63,g3,p28,z23,0.103759398
92,g3,p28,z23,0.103759398
236,g3,p28,z23,0.111278195
1311,g3,p28,z23,0.160902256
131,g3,p28,z23,0.120300752
250,g3,p28,z23,0.120300752
268,g3,p28,z23,0.120300752
460,g3,p28,z23,0.120300752
906,g3,p28,z23,0.141353383
908,g3,p28,z23,0.141353383
1078,g3,p28,z23,0.141353383
994,g3,p28,z23,0.15037594
1226,g3,p28,z23,0.15037594
983,g3,p28,z23,0.142857143
918,g3,p28,z23,0.129323308
483,g3,p28,z23,0.127067669
595,g3,p28,z23,0.137593985
832,g3,p28,z23,0.138345865
861,g3,p28,z23,0.138345865
1368,g3,p28,z23,0.160902256
887,g3,p28,z23,0.141353383
901,g3,p28,z23,0.141353383
1278,g3,p28,z23,0.141353383
1029,g3,p28,z23,0.15037594
1219,g3,p28,z23,0.15037594
1251,g3,p28,z23,0.15037594
1302,g3,p28,z23,0.160902256
1299,g3,p28,z23,0.160902256
156,g3,p28,z23,0.111278195
390,g3,p28,z23,0.111278195
16,g3,p28,z23,0.103759398
438,g3,p28,z23,0.127067669
295,g3,p28,z23,0.108270677
158,g3,p28,z23,0.100451128
609,g3,p28,z23,0.134586466
1198,g3,p28,z23,0.151428571
266,g3,p28,z23,0.120300752
1202,g3,p28,z23,0.15037594
1175,g3,p28,z23,0.162381955
1053,g3,p28,z23,0.449924812
808,g3,p28,z23,0.470676692
696,g3,p28,z23,0.468135338
794,g3,p28,z23,0.49718797
603,g3,p28,z23,0.457593985
1100,g3,p28,z23,0.465263158
520,g3,p28,z23,0.408511278
113,g3,p28,z23,0.352781955
704,g3,p28,z23,0.467819549
785,g3,p28,z23,0.511278195
775,g3,p28,z23,0.511278195
995,g3,p28,z23,0.511278195
251,g3,p28,z23,0.421052632
1003,g3,p28,z23,0.526315789
673,g3,p28,z23,0.447368421
743,g3,p28,z23,0.447368421
1294,g3,p28,z23,0.480601504
1333,g3,p28,z23,0.495717293
683,g3,p28,z23,0.47798797
1210,g3,p28,z23,0.550135338
1085,g3,p28,z23,0.520887218
836,g3,p28,z23,0.512180451
666,g3,p28,z23,0.472932331
632,g3,p28,z23,0.509097744
640,g3,p28,z23,0.495338346
582,g3,p28,z23,0.495338346
708,g3,p28,z23,0.495338346
702,g3,p28,z23,0.495338346
380,g3,p28,z23,0.400601504
498,g3,p28,z23,0.457443609
377,g3,p28,z23,0.389473684
164,g3,p28,z23,0.389473684
313,g3,p28,z23,0.44
736,g3,p28,z23,0.485715789
813,g3,p28,z23,0.528120301
1369,g3,p28,z23,0.611428571
882,g3,p28,z23,0.537142857
626,g3,p28,z23,0.536616541
659,g3,p28,z23,0.498496241
31,g3,p28,z23,0.439849624
457,g3,p28,z23,0.495759398
1248,g3,p28,z23,0.484962406
820,g3,p28,z23,0.564210526
827,g3,p28,z23,0.554586466
737,g3,p28,z23,0.511278195
1102,g3,p28,z23,0.561052632
1339,g3,p28,z23,0.629022556
799,g3,p28,z23,0.569924812
336,g3,p28,z23,0.50406015
660,g3,p28,z23,0.54962406
742,g3,p28,z23,0.549625564
835,g3,p28,z23,0.650827068
639,g3,p28,z23,0.646691729
384,g3,p28,z23,0.545263158
1254,g3,p28,z23,0.777443609
270,g3,p28,z23,0.73438797
306,g3,p28,z23,0.584661654
886,g3,p28,z23,-0.000324812
681,g3,p28,z23,0.869172932
975,g3,p28,z23,1
1072,g3,p28,z23,0.678496241
1332,g3,p28,z23,0.685714286
276,g3,p28,z23,0.721804511
169,g3,p28,z23,0.567218045
1101,g3,p28,z23,0.615789474
777,g3,p28,z23,0.676691729
694,g3,p28,z23,0.605413534
181,g3,p28,z23,0.48962406
652,g3,p28,z23,0.562406015
751,g3,p28,z23,0.562406015
806,g3,p28,z23,0.611428571
750,g3,p28,z23,0.715789474
124,g3,p28,z23,0.421329323
1089,g3,p28,z23,0.50887218
618,g3,p28,z23,0.495338346
458,g3,p28,z23,0.419615038
383,g3,p28,z23,0.367473684
1209,g3,p28,z23,0.493984962
1326,g3,p28,z23,0.471428571
378,g3,p28,z23,0.367218045
381,g3,p28,z23,0.367218045
174,g3,p28,z23,0.367218045
691,g3,p28,z23,0.45406015
761,g3,p28,z23,0.496240602
280,g3,p28,z23,0.396992481
272,g3,p28,z23,0.396992481
898,g3,p28,z23,0.466466165
551,g3,p28,z23,0.384757895
159,g3,p28,z23,0.317593985
604,g3,p28,z23,0.430676692
556,g3,p28,z23,0.384481203
543,g3,p28,z23,0.384481203
738,g3,p28,z23,0.409022556
451,g3,p28,z23,0.406616541
436,g3,p28,z23,0.406616541
1360,g3,p28,z23,0.514887218
88,g3,p28,z23,0.332030075
101,g3,p28,z23,0.332030075
687,g3,p28,z23,0.440300752
646,g3,p28,z23,0.440300752
766,g3,p28,z23,0.481203008
793,g3,p28,z23,0.481203008
772,g3,p28,z23,0.481203008
123,g3,p28,z23,0.384962406
1207,g3,p28,z23,0.466165414
610,g3,p28,z23,0.417218045
801,g3,p28,z23,0.429172932
549,g3,p28,z23,0.372466165
555,g3,p28,z23,0.372466165
370,g3,p28,z23,0.367518797
605,g3,p28,z23,0.417834586
675,g3,p28,z23,0.396533835
988,g3,p28,z23,0.434135338
454,g3,p28,z23,0.394201504
103,g3,p28,z23,0.320300752
876,g3,p28,z23,0.428162406
29,g3,p28,z23,0.34962406
1331,g3,p28,z23,0.442857143
234,g3,p28,z23,0.344962406
641,g3,p28,z23,0.426541353
1023,g3,p28,z23,0.438195489
1279,g3,p28,z23,0.438195489
478,g3,p28,z23,0.372932331
346,g3,p28,z23,0.372932331
834,g3,p28,z23,0.415663158
1249,g3,p28,z23,0.395603008
1246,g3,p28,z23,0.417293233
566,g3,p28,z23,0.387067669
899,g3,p28,z23,0.42406015
500,g3,p28,z23,0.381203008
512,g3,p28,z23,0.381203008
442,g3,p28,z23,0.381203008
773,g3,p28,z23,0.45112782
680,g3,p28,z23,0.383458647
841,g3,p28,z23,0.417166917
151,g3,p28,z23,0.333834586
611,g3,p28,z23,0.403759398
179,g3,p28,z23,0.322706767
1349,g3,p28,z23,0.448721805
506,g3,p28,z23,0.367488722
607,g3,p28,z23,0.390299248
224,g3,p28,z23,0.320481203
682,g3,p28,z23,0.375488722
244,g3,p28,z23,0.34887218
289,g3,p28,z23,0.313984962
788,g3,p28,z23,0.436090226
744,g3,p28,z23,0.370676692
9,g3,p28,z23,0.290526316
969,g3,p28,z23,0.4
139,g3,p28,z23,0.336842105
393,g3,p28,z23,0.336842105
638,g3,p28,z23,0.385263158
521,g3,p28,z23,0.336697744
535,g3,p28,z23,0.361559398
275,g3,p28,z23,0.336842105
1024,g3,p28,z23,0.420150376
327,g3,p28,z23,0.336842105
367,g3,p28,z23,0.336842105
1338,g3,p28,z23,0.430075188
606,g3,p28,z23,0.376842105
612,g3,p28,z23,0.376842105
900,g3,p28,z23,0.395789474
100,g3,p28,z23,0.290526316
804,g3,p28,z23,0.387368421
1172,g3,p28,z23,0.404210526
695,g3,p28,z23,0.385263158
374,g3,p28,z23,0.311578947
513,g3,p28,z23,0.355789474
1374,g3,p28,z23,0.431218045
786,g3,p28,z23,0.406706767
891,g3,p28,z23,0.381654135
1227,g3,p28,z23,0.406015038
857,g3,p28,z23,0.373533835
392,g3,p28,z23,0.32481203
239,g3,p28,z23,0.300451128
87,g3,p28,z23,0.280150376
1353,g3,p28,z23,0.416541353
1354,g3,p28,z23,0.415263158
850,g3,p28,z23,0.373834586
1108,g3,p28,z23,0.369473684
32,g3,p28,z23,0.304511278
797,g3,p28,z23,0.373533835
829,g3,p28,z23,0.373533835
568,g3,p28,z23,0.348360902
703,g3,p28,z23,0.371503759
253,g3,p28,z23,0.32481203
572,g3,p28,z23,0.348360902
1122,g3,p28,z23,0.369473684
598,g3,p28,z23,0.371503759
495,g3,p28,z23,0.343082707
165,g3,p28,z23,0.300451128
974,g3,p28,z23,0.385714286
388,g3,p28,z23,0.300706767
684,g3,p28,z23,0.369439098
57,g3,p28,z23,0.304511278
654,g3,p28,z23,0.345112782
625,g3,p28,z23,0.371503759
3,g3,p28,z23,0.280150376
1255,g3,p28,z23,0.381654135
842,g3,p28,z23,0.373834586
59,g3,p28,z23,0.304511278
624,g3,p28,z23,0.371503759
391,g3,p28,z23,0.32481203
118,g3,p28,z23,0.280150376
7,g3,p28,z23,0.280150376
503,g3,p28,z23,0.331291729
1123,g3,p28,z23,0.349631579
671,g3,p28,z23,0.332330827
892,g3,p28,z23,0.367518797
474,g3,p28,z23,0.312781955
765,g3,p28,z23,0.390977444
186,g3,p28,z23,0.312781955
1125,g3,p28,z23,0.390977444
912,g3,p28,z23,0.367518797
805,g3,p28,z23,0.359699248
866,g3,p28,z23,0.359699248
739,g3,p28,z23,0.332627068
667,g3,p28,z23,0.332330827
719,g3,p28,z23,0.357744361
496,g3,p28,z23,0.33037594
997,g3,p28,z23,0.390977444
305,g3,p28,z23,0.281753383
968,g3,p28,z23,0.371428571
982,g3,p28,z23,0.371428571
711,g3,p28,z23,0.355948872
706,g3,p28,z23,0.357744361
1195,g3,p28,z23,0.420935338
184,g3,p28,z23,0.312781955
341,g3,p28,z23,0.312781955
955,g3,p28,z23,0.390977444
58,g3,p28,z23,0.293233083
579,g3,p28,z23,0.335458647
814,g3,p28,z23,0.359699248
138,g3,p28,z23,0.312781955
928,g3,p28,z23,0.37593985
647,g3,p28,z23,0.343984962
480,g3,p28,z23,0.30075188
527,g3,p28,z23,0.300929323
489,g3,p28,z23,0.317669173
636,g3,p28,z23,0.343984962
1375,g3,p28,z23,0.402255639
1370,g3,p28,z23,0.401451128
1156,g3,p28,z23,0.390977444
584,g3,p28,z23,0.343984962
232,g3,p28,z23,0.278195489
614,g3,p28,z23,0.343984962
709,g3,p28,z23,0.343984962
716,g3,p28,z23,0.343984962
672,g3,p28,z23,0.319548872
46,g3,p28,z23,0.281954887
961,g3,p28,z23,0.357142857
271,g3,p28,z23,0.30075188
925,g3,p28,z23,0.323308271
1144,g3,p28,z23,0.390977444
231,g3,p28,z23,0.278195489
1340,g3,p28,z23,0.376691729
575,g3,p28,z23,0.322556391
1002,g3,p28,z23,0.37593985
1042,g3,p28,z23,0.330827068
650,g3,p28,z23,0.317631579
854,g3,p28,z23,0.350676692
1000,g3,p28,z23,0.37593985
368,g3,p28,z23,0.289275188
74,g3,p28,z23,0.270676692
486,g3,p28,z23,0.304962406
291,g3,p28,z23,0.259849624
1032,g3,p28,z23,0.360902256
1068,g3,p28,z23,0.33924812
678,g3,p28,z23,0.306766917
745,g3,p28,z23,0.306766917
157,g3,p28,z23,0.267067669
1277,g3,p28,z23,0.33924812
627,g3,p28,z23,0.330225564
831,g3,p28,z23,0.332631579
1052,g3,p28,z23,0.317897744
1157,g3,p28,z23,0.376691729
183,g3,p28,z23,0.264661654
1247,g3,p28,z23,0.293233083
1107,g3,p28,z23,0.328421053
637,g3,p28,z23,0.330225564
150,g3,p28,z23,0.288721805
104,g3,p28,z23,0.249022556
966,g3,p28,z23,0.342857143
976,g3,p28,z23,0.342857143
242,g3,p28,z23,0.267067669
701,g3,p28,z23,0.330225564
541,g3,p28,z23,0.288360902
741,g3,p28,z23,0.306768421
1234,g3,p28,z23,0.346466165
211,g3,p28,z23,0.267067669
461,g3,p28,z23,0.288721805
414,g3,p28,z23,0.309654135
1263,g3,p28,z23,0.33924812
689,g3,p28,z23,0.330225564
821,g3,p28,z23,0.332030075
822,g3,p28,z23,0.332030075
863,g3,p28,z23,0.333233083
1115,g3,p28,z23,0.328421053
528,g3,p28,z23,0.288360902
471,g3,p28,z23,0.288721805
476,g3,p28,z23,0.276696241
864,g3,p28,z23,0.332030075
779,g3,p28,z23,0.360902256
425,g3,p28,z23,0.309654135
361,g3,p28,z23,0.276691729
223,g3,p28,z23,0.25593985
613,g3,p28,z23,0.316466165
262,g3,p28,z23,0.276691729
68,g3,p28,z23,0.238646617
700,g3,p28,z23,0.316466165
1269,g3,p28,z23,0.325112782
258,g3,p28,z23,0.276691729
837,g3,p28,z23,0.318195489
1308,g3,p28,z23,0.370075188
379,g3,p28,z23,0.25593985
290,g3,p28,z23,0.249022556
985,g3,p28,z23,0.328571429
1164,g3,p28,z23,0.332030075
317,g3,p28,z23,0.266315789
763,g3,p28,z23,0.346210526
1276,g3,p28,z23,0.325112782
731,g3,p28,z23,0.316466165
1348,g3,p28,z23,0.359849624
288,g3,p28,z23,0.249521805
645,g3,p28,z23,0.316781955
688,g3,p28,z23,0.320057143
855,g3,p28,z23,0.320947368
507,g3,p28,z23,0.292255639
602,g3,p28,z23,0.309548872
577,g3,p28,z23,0.29675188
126,g3,p28,z23,0.276691729
333,g3,p28,z23,0.276691729
762,g3,p28,z23,0.345864662
432,g3,p28,z23,0.292255639
406,g3,p28,z23,0.29675188
73,g3,p28,z23,0.259398496
490,g3,p28,z23,0.292255639
371,g3,p28,z23,0.25593985
1114,g3,p28,z23,0.314736842
187,g3,p28,z23,0.264661654
803,g3,p28,z23,0.319422556
1039,g3,p28,z23,0.341353383
1050,g3,p28,z23,0.304360902
1261,g3,p28,z23,0.325112782
1192,g3,p28,z23,0.353903759
877,g3,p28,z23,0.319455639
475,g3,p28,z23,0.264661654
2,g3,p28,z23,0.228270677
563,g3,p28,z23,0.283849624
977,g3,p28,z23,0.314285714
1330,g3,p28,z23,0.314285714
310,g3,p28,z23,0.238195489
746,g3,p28,z23,0.281204511
840,g3,p28,z23,0.304986466
1323,g3,p28,z23,0.314287218
326,g3,p28,z23,0.264661654
331,g3,p28,z23,0.264661654
905,g3,p28,z23,0.310977444
1096,g3,p28,z23,0.330827068
800,g3,p28,z23,0.304360902
663,g3,p28,z23,0.281203008
297,g3,p28,z23,0.238195489
838,g3,p28,z23,0.304962406
477,g3,p28,z23,0.264661654
878,g3,p28,z23,0.304360902
920,g3,p28,z23,0.281118797
175,g3,p28,z23,0.24481203
8,g3,p28,z23,0.228270677
1208,g3,p28,z23,0.312781955
790,g3,p28,z23,0.330827068
596,g3,p28,z23,0.302706767
413,g3,p28,z23,0.284145865
823,g3,p28,z23,0.305909774
1335,g3,p28,z23,0.336090226
269,g3,p28,z23,0.264661654
720,g3,p28,z23,0.302706767
817,g3,p28,z23,0.304360902
191,g3,p28,z23,0.264661654
1150,g3,p28,z23,0.353984962
856,g3,p28,z23,0.304360902
767,g3,p28,z23,0.331172932
248,g3,p28,z23,0.264661654
133,g3,p28,z23,0.264661654
353,g3,p28,z23,0.264661654
869,g3,p28,z23,0.304360902
420,g3,p28,z23,0.283849624
727,g3,p28,z23,0.302706767
463,g3,p28,z23,0.264661654
241,g3,p28,z23,0.24481203
382,g3,p28,z23,0.24481203
1109,g3,p28,z23,0.301052632
809,g3,p28,z23,0.304360902
1230,g3,p28,z23,0.330827068
1057,g3,p28,z23,0.315789474
419,g3,p28,z23,0.270947368
1292,g3,p28,z23,0.296842105
116,g3,p28,z23,0.217894737
677,g3,p28,z23,0.268421053
47,g3,p28,z23,0.236842105
168,g3,p28,z23,0.233383459
364,g3,p28,z23,0.252631579
230,g3,p28,z23,0.233684211
493,g3,p28,z23,0.266842105
344,g3,p28,z23,0.252631579
1289,g3,p28,z23,0.296842105
86,g3,p28,z23,0.217894737
330,g3,p28,z23,0.251729323
259,g3,p28,z23,0.252631579
278,g3,p28,z23,0.252631579
469,g3,p28,z23,0.252631579
795,g3,p28,z23,0.290526316
1165,g3,p28,z23,0.303157895
1153,g3,p28,z23,0.33441203
366,g3,p28,z23,0.252631579
1098,g3,p28,z23,0.315789474
1381,g3,p28,z23,0.337894737
1318,g3,p28,z23,0.3
670,g3,p28,z23,0.268421053
787,g3,p28,z23,0.315789474
206,g3,p28,z23,0.233684211
599,g3,p28,z23,0.288947368
447,g3,p28,z23,0.266842105
316,g3,p28,z23,0.243157895
1040,g3,p28,z23,0.306766917
634,g3,p28,z23,0.288947368
1159,g3,p28,z23,0.302398496
193,g3,p28,z23,0.240879699
589,g3,p28,z23,0.289263158
71,g3,p28,z23,0.236842105
19,g3,p28,z23,0.217894737
355,g3,p28,z23,0.252631579
1060,g3,p28,z23,0.315789474
160,g3,p28,z23,0.208421053
172,g3,p28,z23,0.233383459
628,g3,p28,z23,0.289263158
942,g3,p28,z23,0.303157895
1129,g3,p28,z23,0.337894737
152,g3,p28,z23,0.233684211
728,g3,p28,z23,0.288947368
1293,g3,p28,z23,0.296842105
243,g3,p28,z23,0.240601504
360,g3,p28,z23,0.240601504
1084,g3,p28,z23,0.282706767
789,g3,p28,z23,0.30075188
615,g3,p28,z23,0.27518797
622,g3,p28,z23,0.27518797
633,g3,p28,z23,0.27518797
643,g3,p28,z23,0.27518797
43,g3,p28,z23,0.22556391
115,g3,p28,z23,0.207757895
601,g3,p28,z23,0.269172932
1155,g3,p28,z23,0.312781955
1334,g3,p28,z23,0.311578947
545,g3,p28,z23,0.240300752
52,g3,p28,z23,0.225822556
919,g3,p28,z23,0.258646617
957,g3,p28,z23,0.29924812
1193,g3,p28,z23,0.307518797
1364,g3,p28,z23,0.313950376
322,g3,p28,z23,0.231578947
699,g3,p28,z23,0.27518797
77,g3,p28,z23,0.207518797
94,g3,p28,z23,0.207518797
1186,g3,p28,z23,0.321804511
893,g3,p28,z23,0.282706767
348,g3,p28,z23,0.240878195
524,g3,p28,z23,0.240300752
971,g3,p28,z23,0.285714286
658,g3,p28,z23,0.255639098
798,g3,p28,z23,0.276691729
807,g3,p28,z23,0.276691729
844,g3,p28,z23,0.276691729
5,g3,p28,z23,0.207518797
155,g3,p28,z23,0.222556391
281,g3,p28,z23,0.240601504
122,g3,p28,z23,0.240601504
1201,g3,p28,z23,0.30075188
889,g3,p28,z23,0.282706767
591,g3,p28,z23,0.27518797
298,g3,p28,z23,0.216541353
548,g3,p28,z23,0.240300752
1380,g3,p28,z23,0.321804511
1232,g3,p28,z23,0.288721805
1111,g3,p28,z23,0.273684211
1231,g3,p28,z23,0.291729323
1291,g3,p28,z23,0.282706767
332,g3,p28,z23,0.240601504
337,g3,p28,z23,0.240601504
323,g3,p28,z23,0.231578947
1337,g3,p28,z23,0.309022556
679,g3,p28,z23,0.255639098
60,g3,p28,z23,0.22556391
1136,g3,p28,z23,0.321804511
1347,g3,p28,z23,0.30518797
1066,g3,p28,z23,0.282706767
61,g3,p28,z23,0.225822556
75,g3,p28,z23,0.213171429
499,g3,p28,z23,0.254427068
915,g3,p28,z23,0.283031579
1305,g3,p28,z23,0.319390977
939,g3,p28,z23,0.288721805
481,g3,p28,z23,0.240601504
194,g3,p28,z23,0.228571429
1325,g3,p28,z23,0.285714286
301,g3,p28,z23,0.205714286
450,g3,p28,z23,0.241428571
508,g3,p28,z23,0.241720301
954,g3,p28,z23,0.285714286
328,g3,p28,z23,0.228571429
256,g3,p28,z23,0.228571429
209,g3,p28,z23,0.211428571
978,g3,p28,z23,0.271428571
561,g3,p28,z23,0.245439098
608,g3,p28,z23,0.255714286
989,g3,p28,z23,0.265714286
1139,g3,p28,z23,0.297593985
1158,g3,p28,z23,0.289744361
1163,g3,p28,z23,0.274285714
635,g3,p28,z23,0.261428571
163,g3,p28,z23,0.211428571
229,g3,p28,z23,0.211428571
444,g3,p28,z23,0.241428571
487,g3,p28,z23,0.241720301
201,g3,p28,z23,0.211428571
67,g3,p28,z23,0.197142857
51,g3,p28,z23,0.214285714
415,g3,p28,z23,0.245142857
89,g3,p28,z23,0.194410526
967,g3,p28,z23,0.271430075
1270,g3,p28,z23,0.264884211
1173,g3,p28,z23,0.274285714
427,g3,p28,z23,0.245142857
428,g3,p28,z23,0.245142857
668,g3,p28,z23,0.242857143
715,g3,p28,z23,0.261428571
108,g3,p28,z23,0.197142857
437,g3,p28,z23,0.241428571
153,g3,p28,z23,0.211428571
177,g3,p28,z23,0.211428571
1222,g3,p28,z23,0.285714286
1099,g3,p28,z23,0.285714286
273,g3,p28,z23,0.228571429
347,g3,p28,z23,0.228571429
468,g3,p28,z23,0.228571429
879,g3,p28,z23,0.262857143
515,g3,p28,z23,0.241428571
562,g3,p28,z23,0.245142857
519,g3,p28,z23,0.228285714
529,g3,p28,z23,0.228285714
669,g3,p28,z23,0.242857143
286,g3,p28,z23,0.205714286
1117,g3,p28,z23,0.26
530,g3,p28,z23,0.228562406
973,g3,p28,z23,0.271428571
1167,g3,p28,z23,0.274285714
1324,g3,p28,z23,0.271430075
1199,g3,p28,z23,0.285714286
363,g3,p28,z23,0.228571429
26,g3,p28,z23,0.197142857
565,g3,p28,z23,0.245142857
550,g3,p28,z23,0.228285714
505,g3,p28,z23,0.241428571
674,g3,p28,z23,0.242857143
296,g3,p28,z23,0.205714286
1373,g3,p28,z23,0.304909774
249,g3,p28,z23,0.22884812
593,g3,p28,z23,0.261744361
818,g3,p28,z23,0.263482707
1256,g3,p28,z23,0.268896241
962,g3,p28,z23,0.263136842
558,g3,p28,z23,0.228285714
573,g3,p28,z23,0.245142857
1327,g3,p28,z23,0.271428571
28,g3,p28,z23,0.214285714
501,g3,p28,z23,0.241428571
592,g3,p28,z23,0.261428571
64,g3,p28,z23,0.197142857
260,g3,p28,z23,0.228571429
176,g3,p28,z23,0.189174436
484,g3,p28,z23,0.229305263
802,g3,p28,z23,0.24964812
1103,g3,p28,z23,0.247258647
1141,g3,p28,z23,0.281503759
1174,g3,p28,z23,0.286315789
661,g3,p28,z23,0.230075188
449,g3,p28,z23,0.228721805
502,g3,p28,z23,0.228721805
588,g3,p28,z23,0.247669173
1130,g3,p28,z23,0.28962406
1363,g3,p28,z23,0.28962406
780,g3,p28,z23,0.270676692
1217,g3,p28,z23,0.270676692
130,g3,p28,z23,0.216541353
277,g3,p28,z23,0.216541353
914,g3,p28,z23,0.25443609
1010,g3,p28,z23,0.25443609
1049,g3,p28,z23,0.238195489
11,g3,p28,z23,0.187245113
1120,g3,p28,z23,0.246315789
656,g3,p28,z23,0.230075188
749,g3,p28,z23,0.230075188
39,g3,p28,z23,0.203007519
421,g3,p28,z23,0.232240602
690,g3,p28,z23,0.247669173
714,g3,p28,z23,0.247669173
6,g3,p28,z23,0.186766917
135,g3,p28,z23,0.216541353
142,g3,p28,z23,0.216541353
190,g3,p28,z23,0.216541353
285,g3,p28,z23,0.216541353
895,g3,p28,z23,0.25443609
764,g3,p28,z23,0.270676692
1031,g3,p28,z23,0.270676692
1243,g3,p28,z23,0.270676692
1252,g3,p28,z23,0.270676692
125,g3,p28,z23,0.216541353
246,g3,p28,z23,0.216541353
171,g3,p28,z23,0.200300752
204,g3,p28,z23,0.200300752
1214,g3,p28,z23,0.270676692
927,g3,p28,z23,0.25443609
76,g3,p28,z23,0.186766917
90,g3,p28,z23,0.186766917
24,g3,p28,z23,0.186766917
860,g3,p28,z23,0.250571429
776,g3,p28,z23,0.270676692
407,g3,p28,z23,0.232240602
56,g3,p28,z23,0.203007519
1355,g3,p28,z23,0.278120301
212,g3,p28,z23,0.216541353
274,g3,p28,z23,0.216541353
195,g3,p28,z23,0.200300752
1237,g3,p28,z23,0.270676692
423,g3,p28,z23,0.232240602
569,g3,p28,z23,0.232240602
15,g3,p28,z23,0.186766917
334,g3,p28,z23,0.215338346
578,g3,p28,z23,0.232536842
653,g3,p28,z23,0.230075188
657,g3,p28,z23,0.230075188
664,g3,p28,z23,0.230075188
472,g3,p28,z23,0.216541353
154,g3,p28,z23,0.200300752
424,g3,p28,z23,0.232240602
1361,g3,p28,z23,0.28962406
932,g3,p28,z23,0.270676692
1116,g3,p28,z23,0.246315789
1250,g3,p28,z23,0.270676692
53,g3,p28,z23,0.191729323
314,g3,p28,z23,0.196842105
685,g3,p28,z23,0.233909774
196,g3,p28,z23,0.189172932
482,g3,p28,z23,0.204511278
284,g3,p28,z23,0.204511278
45,g3,p28,z23,0.191729323
616,g3,p28,z23,0.233909774
434,g3,p28,z23,0.216015038
189,g3,p28,z23,0.204511278
283,g3,p28,z23,0.204511278
479,g3,p28,z23,0.204511278
210,g3,p28,z23,0.189172932
1128,g3,p28,z23,0.273533835
440,g3,p28,z23,0.216015038
448,g3,p28,z23,0.216015038
1067,g3,p28,z23,0.242105263
170,g3,p28,z23,0.18887218
620,g3,p28,z23,0.231845113
30,g3,p28,z23,0.191729323
1110,g3,p28,z23,0.232631579
958,g3,p28,z23,0.242857143
1319,g3,p28,z23,0.242857143
99,g3,p28,z23,0.176390977
23,g3,p28,z23,0.176390977
443,g3,p28,z23,0.216015038
880,g3,p28,z23,0.23518797
996,g3,p28,z23,0.255639098
894,g3,p28,z23,0.240300752
120,g3,p28,z23,0.204511278
121,g3,p28,z23,0.204511278
465,g3,p28,z23,0.204511278
351,g3,p28,z23,0.20478797
409,g3,p28,z23,0.219338346
509,g3,p28,z23,0.216015038
111,g3,p28,z23,0.176390977
619,g3,p28,z23,0.233909774
717,g3,p28,z23,0.233909774
1346,g3,p28,z23,0.263649624
318,g3,p28,z23,0.196842105
1166,g3,p28,z23,0.245413534
984,g3,p28,z23,0.242857143
49,g3,p28,z23,0.191729323
644,g3,p28,z23,0.233909774
146,g3,p28,z23,0.204511278
354,g3,p28,z23,0.204511278
261,g3,p28,z23,0.20478797
1329,g3,p28,z23,0.242857143
287,g3,p28,z23,0.18406015
292,g3,p28,z23,0.18406015
485,g3,p28,z23,0.216015038
692,g3,p28,z23,0.233909774
1356,g3,p28,z23,0.273533835
796,g3,p28,z23,0.23518797
180,g3,p28,z23,0.189172932
240,g3,p28,z23,0.189172932
1126,g3,p28,z23,0.255639098
1216,g3,p28,z23,0.255639098
255,g3,p28,z23,0.204511278
343,g3,p28,z23,0.204511278
600,g3,p28,z23,0.228795489
830,g3,p28,z23,0.23673985
937,g3,p28,z23,0.246616541
1143,g3,p28,z23,0.265864662
315,g3,p28,z23,0.196842105
37,g3,p28,z23,0.191729323
523,g3,p28,z23,0.204255639
299,g3,p28,z23,0.18406015
161,g3,p28,z23,0.189172932
510,g3,p28,z23,0.216015038
581,g3,p28,z23,0.233909774
698,g3,p28,z23,0.233909774
810,g3,p28,z23,0.23518797
1244,g3,p28,z23,0.255639098
335,g3,p28,z23,0.191278195
408,g3,p28,z23,0.207028571
865,g3,p28,z23,0.222255639
948,g3,p28,z23,0.23097594
972,g3,p28,z23,0.228900752
1142,g3,p28,z23,0.250225564
1321,g3,p28,z23,0.228571429
411,g3,p28,z23,0.20643609
33,g3,p28,z23,0.180451128
38,g3,p28,z23,0.180451128
66,g3,p28,z23,0.166015038
642,g3,p28,z23,0.220150376
729,g3,p28,z23,0.220150376
733,g3,p28,z23,0.220150376
819,g3,p28,z23,0.221353383
220,g3,p28,z23,0.178045113
222,g3,p28,z23,0.178045113
890,g3,p28,z23,0.226165414
342,g3,p28,z23,0.192481203
144,g3,p28,z23,0.192481203
467,g3,p28,z23,0.192481203
770,g3,p28,z23,0.240601504
1097,g3,p28,z23,0.240601504
1011,g3,p28,z23,0.226165414
1288,g3,p28,z23,0.226165414
373,g3,p28,z23,0.178045113
387,g3,p28,z23,0.178045113
815,g3,p28,z23,0.221353383
941,g3,p28,z23,0.230977444
95,g3,p28,z23,0.166254135
916,g3,p28,z23,0.206917293
1154,g3,p28,z23,0.251578947
311,g3,p28,z23,0.173233083
574,g3,p28,z23,0.20643609
459,g3,p28,z23,0.203308271
62,g3,p28,z23,0.180451128
518,g3,p28,z23,0.192240602
538,g3,p28,z23,0.192240602
713,g3,p28,z23,0.220150376
84,g3,p28,z23,0.166015038
91,g3,p28,z23,0.166015038
13,g3,p28,z23,0.166015038
1359,g3,p28,z23,0.257443609
1357,g3,p28,z23,0.257443609
136,g3,p28,z23,0.192481203
1038,g3,p28,z23,0.240947368
1140,g3,p28,z23,0.250225564
648,g3,p28,z23,0.204511278
544,g3,p28,z23,0.192240602
552,g3,p28,z23,0.192240602
570,g3,p28,z23,0.20643609
571,g3,p28,z23,0.20643609
453,g3,p28,z23,0.203308271
1152,g3,p28,z23,0.257443609
1184,g3,p28,z23,0.257443609
145,g3,p28,z23,0.192481203
464,g3,p28,z23,0.192481203
1137,g3,p28,z23,0.258183459
426,g3,p28,z23,0.20643609
65,g3,p28,z23,0.166015038
329,g3,p28,z23,0.192481203
349,g3,p28,z23,0.192481203
1239,g3,p28,z23,0.240601504
629,g3,p28,z23,0.220466165
149,g3,p28,z23,0.192481203
1262,g3,p28,z23,0.226165414
1366,g3,p28,z23,0.257443609
1171,g3,p28,z23,0.230977444
525,g3,p28,z23,0.192240602
1272,g3,p28,z23,0.215103759
235,g3,p28,z23,0.166917293
597,g3,p28,z23,0.206390977
114,g3,p28,z23,0.155639098
17,g3,p28,z23,0.155639098
1280,g3,p28,z23,0.212030075
849,g3,p28,z23,0.207518797
1182,g3,p28,z23,0.241353383
1059,g3,p28,z23,0.22556391
1203,g3,p28,z23,0.22556391
132,g3,p28,z23,0.180451128
112,g3,p28,z23,0.155639098
279,g3,p28,z23,0.180451128
325,g3,p28,z23,0.180451128
594,g3,p28,z23,0.206390977
511,g3,p28,z23,0.190601504
845,g3,p28,z23,0.207518797
404,g3,p28,z23,0.193533835
517,g3,p28,z23,0.180225564
949,g3,p28,z23,0.216538346
1275,g3,p28,z23,0.212030075
282,g3,p28,z23,0.180451128
1037,g3,p28,z23,0.22556391
439,g3,p28,z23,0.190601504
514,g3,p28,z23,0.190601504
617,g3,p28,z23,0.206390977
725,g3,p28,z23,0.206390977
560,g3,p28,z23,0.193533835
586,g3,p28,z23,0.204326316
649,g3,p28,z23,0.184054135
992,g3,p28,z23,0.209774436
1213,g3,p28,z23,0.225909774
1211,g3,p28,z23,0.22556391
1212,g3,p28,z23,0.22556391
1220,g3,p28,z23,0.22556391
907,g3,p28,z23,0.212030075
1290,g3,p28,z23,0.212030075
173,g3,p28,z23,0.166917293
221,g3,p28,z23,0.166917293
1151,g3,p28,z23,0.241353383
85,g3,p28,z23,0.155639098
590,g3,p28,z23,0.206390977
718,g3,p28,z23,0.206390977
300,g3,p28,z23,0.162406015
303,g3,p28,z23,0.162406015
308,g3,p28,z23,0.162406015
576,g3,p28,z23,0.193533835
734,g3,p28,z23,0.206706767
851,g3,p28,z23,0.208445113
143,g3,p28,z23,0.180451128
339,g3,p28,z23,0.180451128
929,g3,p28,z23,0.22556391
1264,g3,p28,z23,0.212030075
1265,g3,p28,z23,0.212030075
712,g3,p28,z23,0.206390977
80,g3,p28,z23,0.155639098
102,g3,p28,z23,0.155639098
816,g3,p28,z23,0.207518797
452,g3,p28,z23,0.190601504
302,g3,p28,z23,0.162406015
516,g3,p28,z23,0.180225564
542,g3,p28,z23,0.180225564
553,g3,p28,z23,0.180225564
1105,g3,p28,z23,0.205263158
1106,g3,p28,z23,0.205263158
740,g3,p28,z23,0.191729323
1124,g3,p28,z23,0.218754887
1284,g3,p28,z23,0.212030075
1030,g3,p28,z23,0.22556391
1200,g3,p28,z23,0.22556391
1206,g3,p28,z23,0.22556391
1218,g3,p28,z23,0.22556391
1221,g3,p28,z23,0.22556391
1228,g3,p28,z23,0.22556391
227,g3,p28,z23,0.166917293
385,g3,p28,z23,0.166917293
868,g3,p28,z23,0.207518797
1187,g3,p28,z23,0.241353383
585,g3,p28,z23,0.206390977
536,g3,p28,z23,0.193533835
522,g3,p28,z23,0.180225564
294,g3,p28,z23,0.162406015
1328,g3,p28,z23,0.214290226
1341,g3,p28,z23,0.21887218
1342,g3,p28,z23,0.220150376
321,g3,p28,z23,0.162105263
324,g3,p28,z23,0.162105263
376,g3,p28,z23,0.156045113
812,g3,p28,z23,0.192481203
1281,g3,p28,z23,0.198219549
665,g3,p28,z23,0.178947368
405,g3,p28,z23,0.180631579
435,g3,p28,z23,0.177894737
455,g3,p28,z23,0.177894737
721,g3,p28,z23,0.192631579
105,g3,p28,z23,0.145263158
226,g3,p28,z23,0.155789474
372,g3,p28,z23,0.155789474
369,g3,p28,z23,0.168421053
784,g3,p28,z23,0.210526316
147,g3,p28,z23,0.168421053
466,g3,p28,z23,0.168421053
197,g3,p28,z23,0.155789474
109,g3,p28,z23,0.145263158
110,g3,p28,z23,0.145263158
825,g3,p28,z23,0.193684211
418,g3,p28,z23,0.180631579
1119,g3,p28,z23,0.191578947
960,g3,p28,z23,0.2
676,g3,p28,z23,0.178947368
938,g3,p28,z23,0.202105263
526,g3,p28,z23,0.168210526
557,g3,p28,z23,0.168210526
1271,g3,p28,z23,0.185172932
208,g3,p28,z23,0.156045113
441,g3,p28,z23,0.178381955
547,g3,p28,z23,0.168487218
888,g3,p28,z23,0.198796992
1160,g3,p28,z23,0.202105263
488,g3,p28,z23,0.177894737
429,g3,p28,z23,0.180631579
564,g3,p28,z23,0.180631579
623,g3,p28,z23,0.192631579
693,g3,p28,z23,0.192631579
205,g3,p28,z23,0.155789474
228,g3,p28,z23,0.155789474
1371,g3,p28,z23,0.225263158
933,g3,p28,z23,0.210526316
1242,g3,p28,z23,0.210526316
897,g3,p28,z23,0.197894737
1021,g3,p28,z23,0.197894737
1121,g3,p28,z23,0.191578947
1233,g3,p28,z23,0.202105263
178,g3,p28,z23,0.155789474
375,g3,p28,z23,0.155789474
621,g3,p28,z23,0.192631579
129,g3,p28,z23,0.168421053
1148,g3,p28,z23,0.227482707
36,g3,p28,z23,0.157894737
1235,g3,p28,z23,0.202105263
263,g3,p28,z23,0.168421053
1317,g3,p28,z23,0.2
70,g3,p28,z23,0.157894737
456,g3,p28,z23,0.177894737
492,g3,p28,z23,0.177894737
583,g3,p28,z23,0.192631579
225,g3,p28,z23,0.155789474
824,g3,p28,z23,0.193684211
1241,g3,p28,z23,0.210526316
1344,g3,p28,z23,0.213759398
307,g3,p28,z23,0.151578947
587,g3,p28,z23,0.182308271
357,g3,p28,z23,0.168421053
1379,g3,p28,z23,0.209977444
265,g3,p28,z23,0.156390977
651,g3,p28,z23,0.166165414
986,g3,p28,z23,0.182105263
1035,g3,p28,z23,0.195834586
1082,g3,p28,z23,0.181639098
1306,g3,p28,z23,0.206759398
1336,g3,p28,z23,0.206616541
533,g3,p28,z23,0.167729323
40,g3,p28,z23,0.146616541
811,g3,p28,z23,0.179849624
1372,g3,p28,z23,0.209172932
98,g3,p28,z23,0.134887218
4,g3,p28,z23,0.134887218
216,g3,p28,z23,0.144661654
389,g3,p28,z23,0.144661654
881,g3,p28,z23,0.183759398
1274,g3,p28,z23,0.183759398
309,g3,p28,z23,0.14075188
846,g3,p28,z23,0.179849624
1083,g3,p28,z23,0.183759398
1350,g3,p28,z23,0.20406015
215,g3,p28,z23,0.144917293
873,g3,p28,z23,0.18077594
963,g3,p28,z23,0.183571429
1301,g3,p28,z23,0.209172932
1196,g3,p28,z23,0.209172932
1298,g3,p28,z23,0.209172932
1352,g3,p28,z23,0.205338346
119,g3,p28,z23,0.153336842
872,g3,p28,z23,0.180150376
1138,g3,p28,z23,0.205112782
1190,g3,p28,z23,0.199398496
993,g3,p28,z23,0.185714286
1320,g3,p28,z23,0.185714286
554,g3,p28,z23,0.156195489
655,g3,p28,z23,0.166165414
662,g3,p28,z23,0.166165414
747,g3,p28,z23,0.166165414
1112,g3,p28,z23,0.177894737
1170,g3,p28,z23,0.187669173
705,g3,p28,z23,0.17887218
106,g3,p28,z23,0.134887218
14,g3,p28,z23,0.134887218
166,g3,p28,z23,0.144661654
198,g3,p28,z23,0.144661654
1307,g3,p28,z23,0.209172932
1310,g3,p28,z23,0.209172932
936,g3,p28,z23,0.195488722
1055,g3,p28,z23,0.195488722
1204,g3,p28,z23,0.195488722
1238,g3,p28,z23,0.195488722
1073,g3,p28,z23,0.183759398
1080,g3,p28,z23,0.183759398
1273,g3,p28,z23,0.183759398
1287,g3,p28,z23,0.183759398
148,g3,p28,z23,0.156390977
338,g3,p28,z23,0.156390977
910,g3,p28,z23,0.183759398
245,g3,p28,z23,0.156390977
956,g3,p28,z23,0.195488722
828,g3,p28,z23,0.179849624
839,g3,p28,z23,0.179849624
843,g3,p28,z23,0.179849624
117,g3,p28,z23,0.134887218
69,g3,p28,z23,0.146616541
491,g3,p28,z23,0.16518797
1113,g3,p28,z23,0.177894737
546,g3,p28,z23,0.156195489
1054,g3,p28,z23,0.172030075
904,g3,p28,z23,0.184084211
207,g3,p28,z23,0.145172932
917,g3,p28,z23,0.168120301
964,g3,p28,z23,0.182037594
1303,g3,p28,z23,0.207669173
710,g3,p28,z23,0.16304812
922,g3,p28,z23,0.154270677
1315,g3,p28,z23,0.178646617
532,g3,p28,z23,0.154827068
534,g3,p28,z23,0.154827068
1322,g3,p28,z23,0.171428571
35,g3,p28,z23,0.135338346
41,g3,p28,z23,0.135338346
72,g3,p28,z23,0.135338346
497,g3,p28,z23,0.152481203
214,g3,p28,z23,0.133533835
853,g3,p28,z23,0.166015038
859,g3,p28,z23,0.166015038
862,g3,p28,z23,0.166015038
778,g3,p28,z23,0.180451128
1001,g3,p28,z23,0.180451128
1063,g3,p28,z23,0.180451128
1240,g3,p28,z23,0.180451128
1006,g3,p28,z23,0.16962406
1007,g3,p28,z23,0.16962406
911,g3,p28,z23,0.16962406
134,g3,p28,z23,0.144360902
473,g3,p28,z23,0.144360902
768,g3,p28,z23,0.180451128
998,g3,p28,z23,0.180451128
1027,g3,p28,z23,0.180451128
167,g3,p28,z23,0.133533835
200,g3,p28,z23,0.133533835
531,g3,p28,z23,0.144180451
539,g3,p28,z23,0.144180451
946,g3,p28,z23,0.173233083
304,g3,p28,z23,0.129924812
1351,g3,p28,z23,0.185413534
921,g3,p28,z23,0.151154887
903,g3,p28,z23,0.16962406
913,g3,p28,z23,0.16962406
935,g3,p28,z23,0.180451128
1365,g3,p28,z23,0.193082707
81,g3,p28,z23,0.124511278
18,g3,p28,z23,0.124511278
22,g3,p28,z23,0.124511278
732,g3,p28,z23,0.165112782
55,g3,p28,z23,0.135338346
238,g3,p28,z23,0.133789474
867,g3,p28,z23,0.166616541
875,g3,p28,z23,0.160833083
1145,g3,p28,z23,0.193452632
791,g3,p28,z23,0.180796992
926,g3,p28,z23,0.15518797
1133,g3,p28,z23,0.185861654
952,g3,p28,z23,0.173233083
959,g3,p28,z23,0.171428571
199,g3,p28,z23,0.133533835
1358,g3,p28,z23,0.193082707
771,g3,p28,z23,0.180451128
1064,g3,p28,z23,0.180451128
1229,g3,p28,z23,0.180451128
1286,g3,p28,z23,0.16962406
128,g3,p28,z23,0.144360902
1376,g3,p28,z23,0.193082707
567,g3,p28,z23,0.154827068
580,g3,p28,z23,0.154827068
1041,g3,p28,z23,0.180451128
752,g3,p28,z23,0.140601504
1091,g3,p28,z23,0.155488722
1081,g3,p28,z23,0.153368421
445,g3,p28,z23,0.139774436
97,g3,p28,z23,0.114135338
1026,g3,p28,z23,0.165413534
188,g3,p28,z23,0.132330827
940,g3,p28,z23,0.15912782
1131,g3,p28,z23,0.170374436
1257,g3,p28,z23,0.155813534
970,g3,p28,z23,0.157142857
726,g3,p28,z23,0.151353383
162,g3,p28,z23,0.122406015
1378,g3,p28,z23,0.176992481
1295,g3,p28,z23,0.176992481
1312,g3,p28,z23,0.176992481
1313,g3,p28,z23,0.176992481
1367,g3,p28,z23,0.176992481
999,g3,p28,z23,0.165413534
1245,g3,p28,z23,0.165413534
137,g3,p28,z23,0.132330827
462,g3,p28,z23,0.132330827
1282,g3,p28,z23,0.155488722
848,g3,p28,z23,0.153407519
1304,g3,p28,z23,0.175488722
312,g3,p28,z23,0.119097744
54,g3,p28,z23,0.12406015
748,g3,p28,z23,0.140601504
722,g3,p28,z23,0.151353383
724,g3,p28,z23,0.151353383
833,g3,p28,z23,0.152180451
871,g3,p28,z23,0.152180451
386,g3,p28,z23,0.122406015
213,g3,p28,z23,0.132330827
362,g3,p28,z23,0.132330827
1022,g3,p28,z23,0.155488722
1258,g3,p28,z23,0.155488722
782,g3,p28,z23,0.165413534
930,g3,p28,z23,0.165413534
78,g3,p28,z23,0.114135338
1345,g3,p28,z23,0.171879699
140,g3,p28,z23,0.132607519
858,g3,p28,z23,0.153729323
27,g3,p28,z23,0.124577444
1051,g3,p28,z23,0.14556391
1118,g3,p28,z23,0.150526316
943,g3,p28,z23,0.158796992
1161,g3,p28,z23,0.158796992
1162,g3,p28,z23,0.158796992
1168,g3,p28,z23,0.158796992
34,g3,p28,z23,0.12406015
979,g3,p28,z23,0.157142857
203,g3,p28,z23,0.122406015
218,g3,p28,z23,0.122406015
233,g3,p28,z23,0.122406015
1300,g3,p28,z23,0.176992481
1377,g3,p28,z23,0.176992481
1149,g3,p28,z23,0.176992481
1181,g3,p28,z23,0.176992481
1185,g3,p28,z23,0.176992481
1362,g3,p28,z23,0.176992481
82,g3,p28,z23,0.114135338
107,g3,p28,z23,0.114135338
1223,g3,p28,z23,0.165413534
267,g3,p28,z23,0.132330827
1069,g3,p28,z23,0.155488722
1071,g3,p28,z23,0.155488722
1093,g3,p28,z23,0.155488722
125,g3,p28,z23,0.096240602
249,g3,p28,z23,0.096240602
260,g3,p28,z23,0.096240602
329,g3,p28,z23,0.096240602
333,g3,p28,z23,0.096240602
342,g3,p28,z23,0.096240602
369,g3,p28,z23,0.096240602
473,g3,p28,z23,0.096240602
476,g3,p28,z23,0.096240602
481,g3,p28,z23,0.096240602
888,g3,p28,z23,0.113082707
892,g3,p28,z23,0.113082707
913,g3,p28,z23,0.113082707
1007,g3,p28,z23,0.113082707
1068,g3,p28,z23,0.113082707
774,g3,p28,z23,0.120300752
932,g3,p28,z23,0.120300752
956,g3,p28,z23,0.120300752
1214,g3,p28,z23,0.120300752
1241,g3,p28,z23,0.120300752
1301,g3,p28,z23,0.128721805
1137,g3,p28,z23,0.128721805
1145,g3,p28,z23,0.128721805
847,g3,p28,z23,0.110676692
852,g3,p28,z23,0.110676692
230,g3,p28,z23,0.089022556
64,g3,p28,z23,0.083007519
68,g3,p28,z23,0.083007519
78,g3,p28,z23,0.083007519
109,g3,p28,z23,0.083007519
18,g3,p28,z23,0.083007519
614,g3,p28,z23,0.110075188
617,g3,p28,z23,0.110075188
618,g3,p28,z23,0.110075188
640,g3,p28,z23,0.110075188
642,g3,p28,z23,0.110075188
685,g3,p28,z23,0.110075188
699,g3,p28,z23,0.110075188
728,g3,p28,z23,0.110075188
407,g3,p28,z23,0.103218045
412,g3,p28,z23,0.103218045
567,g3,p28,z23,0.103218045
568,g3,p28,z23,0.103218045
1316,g3,p28,z23,0.114285714
971,g3,p28,z23,0.114285714
985,g3,p28,z23,0.114285714
1326,g3,p28,z23,0.114285714
947,g3,p28,z23,0.115488722
28,g3,p28,z23,0.090225564
518,g3,p28,z23,0.096120301
541,g3,p28,z23,0.096120301
544,g3,p28,z23,0.096120301
549,g3,p28,z23,0.096120301
658,g3,p28,z23,0.102255639
664,g3,p28,z23,0.102255639
1109,g3,p28,z23,0.109473684
1372,g3,p28,z23,0.127917293
459,g3,p28,z23,0.09962406
1161,g3,p28,z23,0.112055639
608,g3,p28,z23,0.107669173
255,g3,p28,z23,0.096240602
339,g3,p28,z23,0.096240602
796,g3,p28,z23,0.110676692
501,g3,p28,z23,0.101945865
576,g3,p28,z23,0.103514286
992,g3,p28,z23,0.111879699
1341,g3,p28,z23,0.123609023
292,g3,p28,z23,0.086616541
978,g3,p28,z23,0.114285714
993,g3,p28,z23,0.114285714
422,g3,p28,z23,0.103218045
532,g3,p28,z23,0.103218045
39,g3,p28,z23,0.090225564
509,g3,p28,z23,0.101654135
590,g3,p28,z23,0.110075188
822,g3,p28,z23,0.110676692
163,g3,p28,z23,0.089022556
210,g3,p28,z23,0.089022556
1028,g3,p28,z23,0.120300752
185,g3,p28,z23,0.096240602
337,g3,p28,z23,0.096240602
464,g3,p28,z23,0.096240602
794,g3,p28,z23,0.113082707
1070,g3,p28,z23,0.113082707
478,g3,p28,z23,0.096517293
1208,g3,p28,z23,0.11695188
1310,g3,p28,z23,0.120685714
1337,g3,p28,z23,0.124887218
609,g3,p28,z23,0.107669173
1048,g3,p28,z23,0.105864662
556,g3,p28,z23,0.096120301
1159,g3,p28,z23,0.115488722
659,g3,p28,z23,0.102255639
740,g3,p28,z23,0.102255639
741,g3,p28,z23,0.102255639
51,g3,p28,z23,0.090225564
420,g3,p28,z23,0.103218045
569,g3,p28,z23,0.103218045
448,g3,p28,z23,0.101654135
492,g3,p28,z23,0.101654135
493,g3,p28,z23,0.101654135
508,g3,p28,z23,0.101654135
512,g3,p28,z23,0.101654135
703,g3,p28,z23,0.110075188
108,g3,p28,z23,0.083007519
2,g3,p28,z23,0.083007519
1149,g3,p28,z23,0.128721805
1188,g3,p28,z23,0.128721805
1361,g3,p28,z23,0.128721805
844,g3,p28,z23,0.110676692
862,g3,p28,z23,0.110676692
867,g3,p28,z23,0.110676692
203,g3,p28,z23,0.089022556
215,g3,p28,z23,0.089022556
233,g3,p28,z23,0.089022556
1000,g3,p28,z23,0.120300752
1057,g3,p28,z23,0.120300752
1213,g3,p28,z23,0.120300752
881,g3,p28,z23,0.113082707
891,g3,p28,z23,0.113082707
915,g3,p28,z23,0.113082707
1021,g3,p28,z23,0.113082707
247,g3,p28,z23,0.096240602
280,g3,p28,z23,0.096240602
346,g3,p28,z23,0.096240602
352,g3,p28,z23,0.096240602
359,g3,p28,z23,0.096240602
392,g3,p28,z23,0.096240602
477,g3,p28,z23,0.096240602
480,g3,p28,z23,0.096240602
887,g3,p28,z23,0.127218045
1273,g3,p28,z23,0.127218045
1286,g3,p28,z23,0.127218045
779,g3,p28,z23,0.135338346
957,g3,p28,z23,0.135338346
1024,g3,p28,z23,0.135338346
1243,g3,p28,z23,0.135338346
130,g3,p28,z23,0.108270677
131,g3,p28,z23,0.108270677
243,g3,p28,z23,0.108270677
350,g3,p28,z23,0.108270677
813,g3,p28,z23,0.124511278
855,g3,p28,z23,0.124511278
1129,g3,p28,z23,0.14481203
1134,g3,p28,z23,0.14481203
1297,g3,p28,z23,0.14481203
1312,g3,p28,z23,0.14481203
1336,g3,p28,z23,0.14481203
176,g3,p28,z23,0.100150376
206,g3,p28,z23,0.100150376
231,g3,p28,z23,0.100150376
77,g3,p28,z23,0.093383459
115,g3,p28,z23,0.093383459
14,g3,p28,z23,0.093383459
15,g3,p28,z23,0.093383459
695,g3,p28,z23,0.123834586
698,g3,p28,z23,0.123834586
702,g3,p28,z23,0.123834586
483,g3,p28,z23,0.114360902
414,g3,p28,z23,0.116120301
563,g3,p28,z23,0.116120301
577,g3,p28,z23,0.116120301
46,g3,p28,z23,0.101503759
52,g3,p28,z23,0.101503759
56,g3,p28,z23,0.101503759
959,g3,p28,z23,0.128571429
977,g3,p28,z23,0.128571429
671,g3,p28,z23,0.115037594
301,g3,p28,z23,0.097443609
307,g3,p28,z23,0.097443609
308,g3,p28,z23,0.097443609
1173,g3,p28,z23,0.129924812
550,g3,p28,z23,0.108135338
1105,g3,p28,z23,0.123157895
1042,g3,p28,z23,0.119097744
602,g3,p28,z23,0.12112782
603,g3,p28,z23,0.12112782
890,g3,p28,z23,0.127542857
295,g3,p28,z23,0.098646617
988,g3,p28,z23,0.125864662
1006,g3,p28,z23,0.127218045
332,g3,p28,z23,0.108270677
482,g3,p28,z23,0.108270677
691,g3,p28,z23,0.123834586
648,g3,p28,z23,0.115037594
748,g3,p28,z23,0.115037594
704,g3,p28,z23,0.123834586
769,g3,p28,z23,0.135338346
773,g3,p28,z23,0.135338346
1001,g3,p28,z23,0.135338346
127,g3,p28,z23,0.108270677
283,g3,p28,z23,0.108270677
895,g3,p28,z23,0.127218045
234,g3,p28,z23,0.100150376
20,g3,p28,z23,0.093383459
626,g3,p28,z23,0.123834586
682,g3,p28,z23,0.123834586
437,g3,p28,z23,0.114360902
1371,g3,p28,z23,0.14481203
534,g3,p28,z23,0.116120301
70,g3,p28,z23,0.101503759
314,g3,p28,z23,0.104210526
939,g3,p28,z23,0.130586466
1194,g3,p28,z23,0.138045113
1257,g3,p28,z23,0.127218045
1003,g3,p28,z23,0.135338346
1198,g3,p28,z23,0.135338346
1215,g3,p28,z23,0.135338346
120,g3,p28,z23,0.108270677
188,g3,p28,z23,0.108270677
212,g3,p28,z23,0.108270677
244,g3,p28,z23,0.108270677
253,g3,p28,z23,0.108270677
270,g3,p28,z23,0.108270677
475,g3,p28,z23,0.108270677
152,g3,p28,z23,0.100150376
174,g3,p28,z23,0.100150376
211,g3,p28,z23,0.100150376
240,g3,p28,z23,0.100150376
388,g3,p28,z23,0.100150376
1379,g3,p28,z23,0.14481203
831,g3,p28,z23,0.124511278
832,g3,p28,z23,0.124511278
841,g3,p28,z23,0.124511278
76,g3,p28,z23,0.093383459
445,g3,p28,z23,0.114360902
494,g3,p28,z23,0.114360902
48,g3,p28,z23,0.101503759
50,g3,p28,z23,0.101503759
60,g3,p28,z23,0.101503759
969,g3,p28,z23,0.128571429
672,g3,p28,z23,0.115037594
520,g3,p28,z23,0.108135338
286,g3,p28,z23,0.097443609
1169,g3,p28,z23,0.129924812
1343,g3,p28,z23,0.140977444
1131,g3,p28,z23,0.139398496
834,g3,p28,z23,0.125762406
865,g3,p28,z23,0.125112782
386,g3,p28,z23,0.111533835
1155,g3,p28,z23,0.156390977
1193,g3,p28,z23,0.154505263
1295,g3,p28,z23,0.158947368
1309,g3,p28,z23,0.158488722
610,g3,p28,z23,0.134586466
1052,g3,p28,z23,0.132330827
1054,g3,p28,z23,0.132330827
1110,g3,p28,z23,0.136842105
539,g3,p28,z23,0.120150376
967,g3,p28,z23,0.142857143
29,g3,p28,z23,0.112781955
40,g3,p28,z23,0.112781955
571,g3,p28,z23,0.129022556
438,g3,p28,z23,0.127067669
439,g3,p28,z23,0.127067669
66,g3,p28,z23,0.103759398
88,g3,p28,z23,0.103759398
101,g3,p28,z23,0.103759398
6,g3,p28,z23,0.103759398
23,g3,p28,z23,0.103759398
155,g3,p28,z23,0.111278195
806,g3,p28,z23,0.138345865
846,g3,p28,z23,0.138345865
849,g3,p28,z23,0.138345865
864,g3,p28,z23,0.138345865
1375,g3,p28,z23,0.160902256
136,g3,p28,z23,0.120300752
273,g3,p28,z23,0.120300752
274,g3,p28,z23,0.120300752
335,g3,p28,z23,0.120300752
469,g3,p28,z23,0.120300752
776,g3,p28,z23,0.15037594
929,g3,p28,z23,0.15037594
1126,g3,p28,z23,0.15037594
1227,g3,p28,z23,0.15037594
927,g3,p28,z23,0.141353383
1266,g3,p28,z23,0.141353383
1268,g3,p28,z23,0.141353383
1226,g3,p28,z23,0.15037594
1026,g3,p28,z23,0.15037594
1112,g3,p28,z23,0.136842105
562,g3,p28,z23,0.129022556
619,g3,p28,z23,0.137593985
102,g3,p28,z23,0.103759398
268,g3,p28,z23,0.120300752
353,g3,p28,z23,0.120300752
761,g3,p28,z23,0.15037594
1091,g3,p28,z23,0.141353383
252,g3,p28,z23,0.120300752
354,g3,p28,z23,0.120300752
780,g3,p28,z23,0.15037594
79,g3,p28,z23,0.103759398
19,g3,p28,z23,0.103759398
157,g3,p28,z23,0.111278195
168,g3,p28,z23,0.111278195
198,g3,p28,z23,0.111278195
224,g3,p28,z23,0.111278195
382,g3,p28,z23,0.111278195
624,g3,p28,z23,0.137593985
706,g3,p28,z23,0.137593985
495,g3,p28,z23,0.127067669
502,g3,p28,z23,0.127067669
504,g3,p28,z23,0.127067669
823,g3,p28,z23,0.138345865
979,g3,p28,z23,0.142857143
983,g3,p28,z23,0.142857143
984,g3,p28,z23,0.142857143
573,g3,p28,z23,0.129022556
655,g3,p28,z23,0.127819549
553,g3,p28,z23,0.120150376
1342,g3,p28,z23,0.154511278
986,g3,p28,z23,0.140150376
16,g3,p28,z23,0.103998496
912,g3,p28,z23,0.141353383
1074,g3,p28,z23,0.141353383
135,g3,p28,z23,0.120300752
248,g3,p28,z23,0.120300752
928,g3,p28,z23,0.15037594
1203,g3,p28,z23,0.15037594
717,g3,p28,z23,0.137593985
733,g3,p28,z23,0.137593985
162,g3,p28,z23,0.111278195
182,g3,p28,z23,0.111278195
204,g3,p28,z23,0.111278195
376,g3,p28,z23,0.111278195
377,g3,p28,z23,0.111278195
1373,g3,p28,z23,0.160902256
877,g3,p28,z23,0.138345865
880,g3,p28,z23,0.138345865
425,g3,p28,z23,0.129022556
535,g3,p28,z23,0.129022556
578,g3,p28,z23,0.129022556
490,g3,p28,z23,0.127067669
503,g3,p28,z23,0.127067669
1319,g3,p28,z23,0.142857143
1167,g3,p28,z23,0.144360902
303,g3,p28,z23,0.108270677
311,g3,p28,z23,0.108270677
75,g3,p28,z23,0.109172932
859,g3,p28,z23,0.139548872
903,g3,p28,z23,0.141678195
1128,g3,p28,z23,0.159849624
1197,g3,p28,z23,0.161642105
911,g3,p28,z23,0.155488722
1293,g3,p28,z23,0.155488722
148,g3,p28,z23,0.132330827
763,g3,p28,z23,0.165413534
1187,g3,p28,z23,0.176992481
843,g3,p28,z23,0.152180451
631,g3,p28,z23,0.151353383
170,g3,p28,z23,0.122406015
389,g3,p28,z23,0.122406015
90,g3,p28,z23,0.114135338
106,g3,p28,z23,0.114135338
515,g3,p28,z23,0.139774436
411,g3,p28,z23,0.141924812
747,g3,p28,z23,0.140601504
551,g3,p28,z23,0.132165414
324,g3,p28,z23,0.127368421
159,g3,p28,z23,0.109172932
485,g3,p28,z23,0.140066165
962,g3,p28,z23,0.155
1158,g3,p28,z23,0.170381955
555,g3,p28,z23,0.132165414
582,g3,p28,z23,0.151353383
1174,g3,p28,z23,0.176992481
1258,g3,p28,z23,0.155488722
279,g3,p28,z23,0.132330827
775,g3,p28,z23,0.165413534
117,g3,p28,z23,0.114135338
26,g3,p28,z23,0.114135338
164,g3,p28,z23,0.122406015
496,g3,p28,z23,0.139774436
290,g3,p28,z23,0.119097744
304,g3,p28,z23,0.119097744
711,g3,p28,z23,0.149557895
889,g3,p28,z23,0.155488722
1253,g3,p28,z23,0.155488722
133,g3,p28,z23,0.132330827
278,g3,p28,z23,0.132330827
367,g3,p28,z23,0.132330827
1034,g3,p28,z23,0.165413534
1252,g3,p28,z23,0.165413534
1314,g3,p28,z23,0.176992481
1365,g3,p28,z23,0.176992481
22,g3,p28,z23,0.114135338
169,g3,p28,z23,0.122406015
440,g3,p28,z23,0.139774436
74,g3,p28,z23,0.12406015
1320,g3,p28,z23,0.157142857
1302,g3,p28,z23,0.176240602
1362,g3,p28,z23,0.174578947
1140,g3,p28,z23,0.172030075
900,g3,p28,z23,0.155488722
1272,g3,p28,z23,0.155488722
121,g3,p28,z23,0.132330827
146,g3,p28,z23,0.132330827
285,g3,p28,z23,0.132330827
331,g3,p28,z23,0.132330827
362,g3,p28,z23,0.132330827
366,g3,p28,z23,0.132330827
762,g3,p28,z23,0.165413534
839,g3,p28,z23,0.152180451
845,g3,p28,z23,0.152180451
872,g3,p28,z23,0.152180451
173,g3,p28,z23,0.122406015
195,g3,p28,z23,0.122406015
373,g3,p28,z23,0.122406015
4,g3,p28,z23,0.114135338
591,g3,p28,z23,0.151353383
597,g3,p28,z23,0.151353383
621,g3,p28,z23,0.151353383
705,g3,p28,z23,0.151353383
415,g3,p28,z23,0.141924812
661,g3,p28,z23,0.140601504
663,g3,p28,z23,0.140601504
739,g3,p28,z23,0.140601504
34,g3,p28,z23,0.12406015
45,g3,p28,z23,0.12406015
454,g3,p28,z23,0.139774436
299,g3,p28,z23,0.119097744
554,g3,p28,z23,0.132165414
937,g3,p28,z23,0.158796992
313,g3,p28,z23,0.127368421
315,g3,p28,z23,0.127368421
1086,g3,p28,z23,0.155813534
467,g3,p28,z23,0.131945865
516,g3,p28,z23,0.132442105
1148,g3,p28,z23,0.177362406
1308,g3,p28,z23,0.174578947
1335,g3,p28,z23,0.17443609
190,g3,p28,z23,0.132607519
191,g3,p28,z23,0.132330827
1304,g3,p28,z23,0.192330827
607,g3,p28,z23,0.161503759
1104,g3,p28,z23,0.164210526
1163,g3,p28,z23,0.173233083
58,g3,p28,z23,0.135338346
305,g3,p28,z23,0.129924812
310,g3,p28,z23,0.129924812
654,g3,p28,z23,0.153383459
879,g3,p28,z23,0.166015038
1150,g3,p28,z23,0.193082707
93,g3,p28,z23,0.124511278
180,g3,p28,z23,0.133533835
1039,g3,p28,z23,0.180451128
1224,g3,p28,z23,0.180451128
1281,g3,p28,z23,0.16962406
132,g3,p28,z23,0.144360902
145,g3,p28,z23,0.144360902
147,g3,p28,z23,0.144360902
325,g3,p28,z23,0.144360902
368,g3,p28,z23,0.144360902
1349,g3,p28,z23,0.182857143
530,g3,p28,z23,0.144457143
980,g3,p28,z23,0.171431579
1153,g3,p28,z23,0.188571429
1050,g3,p28,z23,0.158796992
1366,g3,p28,z23,0.193082707
229,g3,p28,z23,0.133533835
910,g3,p28,z23,0.16962406
258,g3,p28,z23,0.144360902
1228,g3,p28,z23,0.181488722
965,g3,p28,z23,0.171428571
1330,g3,p28,z23,0.171428571
670,g3,p28,z23,0.153383459
677,g3,p28,z23,0.153383459
35,g3,p28,z23,0.135338346
53,g3,p28,z23,0.135338346
1359,g3,p28,z23,0.193082707
1152,g3,p28,z23,0.193082707
13,g3,p28,z23,0.124511278
709,g3,p28,z23,0.165112782
181,g3,p28,z23,0.133533835
242,g3,p28,z23,0.133533835
1063,g3,p28,z23,0.180451128
1098,g3,p28,z23,0.180451128
1239,g3,p28,z23,0.180451128
1245,g3,p28,z23,0.180451128
914,g3,p28,z23,0.16962406
245,g3,p28,z23,0.144637594
972,g3,p28,z23,0.171430075
1232,g3,p28,z23,0.173834586
800,g3,p28,z23,0.166315789
453,g3,p28,z23,0.152772932
612,g3,p28,z23,0.161503759
1114,g3,p28,z23,0.164210526
30,g3,p28,z23,0.135338346
61,g3,p28,z23,0.135338346
71,g3,p28,z23,0.135338346
27,g3,p28,z23,0.135338346
531,g3,p28,z23,0.144180451
668,g3,p28,z23,0.153383459
973,g3,p28,z23,0.171428571
514,g3,p28,z23,0.152481203
100,g3,p28,z23,0.124511278
114,g3,p28,z23,0.124511278
716,g3,p28,z23,0.165112782
179,g3,p28,z23,0.133533835
808,g3,p28,z23,0.166015038
814,g3,p28,z23,0.166015038
1350,g3,p28,z23,0.193082707
1358,g3,p28,z23,0.193082707
1296,g3,p28,z23,0.193082707
122,g3,p28,z23,0.144360902
277,g3,p28,z23,0.144360902
772,g3,p28,z23,0.180451128
786,g3,p28,z23,0.180451128
1261,g3,p28,z23,0.16962406
1292,g3,p28,z23,0.16962406
1348,g3,p28,z23,0.206616541
1171,g3,p28,z23,0.188001504
1189,g3,p28,z23,0.199398496
1043,g3,p28,z23,0.172030075
662,g3,p28,z23,0.166165414
31,g3,p28,z23,0.146616541
47,g3,p28,z23,0.146616541
436,g3,p28,z23,0.16518797
487,g3,p28,z23,0.16518797
848,g3,p28,z23,0.179849624
876,g3,p28,z23,0.179849624
86,g3,p28,z23,0.134887218
1195,g3,p28,z23,0.209172932
1299,g3,p28,z23,0.209172932
1220,g3,p28,z23,0.195488722
187,g3,p28,z23,0.156390977
276,g3,p28,z23,0.156390977
340,g3,p28,z23,0.156390977
1344,g3,p28,z23,0.197669173
527,g3,p28,z23,0.156195489
613,g3,p28,z23,0.17887218
920,g3,p28,z23,0.174231579
736,g3,p28,z23,0.166165414
529,g3,p28,z23,0.156195489
815,g3,p28,z23,0.179849624
1274,g3,p28,z23,0.183759398
546,g3,p28,z23,0.156195489
652,g3,p28,z23,0.166165414
450,g3,p28,z23,0.16518797
1053,g3,p28,z23,0.172030075
1351,g3,p28,z23,0.201503759
807,g3,p28,z23,0.180150376
926,g3,p28,z23,0.168120301
1315,g3,p28,z23,0.187518797
604,g3,p28,z23,0.174962406
684,g3,p28,z23,0.176807519
1124,g3,p28,z23,0.192082707
1192,g3,p28,z23,0.199398496
1210,g3,p28,z23,0.190977444
559,g3,p28,z23,0.167729323
574,g3,p28,z23,0.167729323
737,g3,p28,z23,0.166165414
497,g3,p28,z23,0.16518797
833,g3,p28,z23,0.179849624
863,g3,p28,z23,0.179849624
1357,g3,p28,z23,0.209172932
1364,g3,p28,z23,0.209172932
592,g3,p28,z23,0.17887218
632,g3,p28,z23,0.17887218
637,g3,p28,z23,0.17887218
1200,g3,p28,z23,0.195488722
1238,g3,p28,z23,0.195488722
1002,g3,p28,z23,0.195488722
1205,g3,p28,z23,0.195488722
1250,g3,p28,z23,0.195488722
348,g3,p28,z23,0.156390977
905,g3,p28,z23,0.183759398
1270,g3,p28,z23,0.183759398
856,g3,p28,z23,0.179849624
1360,g3,p28,z23,0.209172932
1130,g3,p28,z23,0.209172932
1313,g3,p28,z23,0.209172932
107,g3,p28,z23,0.134887218
746,g3,p28,z23,0.166165414
72,g3,p28,z23,0.146616541
552,g3,p28,z23,0.156195489
968,g3,p28,z23,0.185715789
801,g3,p28,z23,0.180150376
1244,g3,p28,z23,0.195834586
1267,g3,p28,z23,0.184409023
1023,g3,p28,z23,0.197894737
1065,g3,p28,z23,0.210526316
1216,g3,p28,z23,0.210526316
1380,g3,p28,z23,0.225263158
1136,g3,p28,z23,0.225263158
1307,g3,p28,z23,0.225263158
803,g3,p28,z23,0.193684211
805,g3,p28,z23,0.193684211
105,g3,p28,z23,0.145263158
5,g3,p28,z23,0.145263158
689,g3,p28,z23,0.192631579
961,g3,p28,z23,0.2
1168,g3,p28,z23,0.202105263
653,g3,p28,z23,0.178947368
1106,g3,p28,z23,0.191578947
1157,g3,p28,z23,0.218947368
1231,g3,p28,z23,0.202706767
645,g3,p28,z23,0.192631579
1121,g3,p28,z23,0.191578947
625,g3,p28,z23,0.192631579
547,g3,p28,z23,0.16876391
320,g3,p28,z23,0.162105263
55,g3,p28,z23,0.157894737
688,g3,p28,z23,0.192631579
1225,g3,p28,z23,0.210526316
898,g3,p28,z23,0.197894737
989,g3,p28,z23,0.195789474
1327,g3,p28,z23,0.200001504
1107,g3,p28,z23,0.191578947
291,g3,p28,z23,0.151578947
1165,g3,p28,z23,0.202105263
33,g3,p28,z23,0.157894737
59,g3,p28,z23,0.157894737
548,g3,p28,z23,0.168210526
579,g3,p28,z23,0.180631579
641,g3,p28,z23,0.192631579
1370,g3,p28,z23,0.225263158
1376,g3,p28,z23,0.225263158
1146,g3,p28,z23,0.225263158
1181,g3,p28,z23,0.225263158
171,g3,p28,z23,0.155789474
387,g3,p28,z23,0.155789474
82,g3,p28,z23,0.145263158
85,g3,p28,z23,0.145263158
1287,g3,p28,z23,0.197894737
149,g3,p28,z23,0.168421053
474,g3,p28,z23,0.168421053
650,g3,p28,z23,0.177030075
1143,g3,p28,z23,0.218947368
940,g3,p28,z23,0.202105263
1318,g3,p28,z23,0.2
667,g3,p28,z23,0.178947368
227,g3,p28,z23,0.155789474
1080,g3,p28,z23,0.197894737
681,g3,p28,z23,0.192706767
976,g3,p28,z23,0.214615038
289,g3,p28,z23,0.162406015
1103,g3,p28,z23,0.205263158
1111,g3,p28,z23,0.205263158
565,g3,p28,z23,0.193533835
103,g3,p28,z23,0.155639098
123,g3,p28,z23,0.180451128
468,g3,p28,z23,0.180451128
1240,g3,p28,z23,0.22556391
1294,g3,p28,z23,0.212030075
1346,g3,p28,z23,0.233684211
442,g3,p28,z23,0.190601504
513,g3,p28,z23,0.190601504
1125,g3,p28,z23,0.22556391
393,g3,p28,z23,0.180451128
721,g3,p28,z23,0.206390977
743,g3,p28,z23,0.191729323
426,g3,p28,z23,0.193533835
1353,g3,p28,z23,0.234962406
318,g3,p28,z23,0.173684211
1207,g3,p28,z23,0.22556391
1229,g3,p28,z23,0.22556391
1249,g3,p28,z23,0.22556391
1260,g3,p28,z23,0.212030075
499,g3,p28,z23,0.190601504
500,g3,p28,z23,0.190601504
25,g3,p28,z23,0.155639098
32,g3,p28,z23,0.169172932
37,g3,p28,z23,0.169172932
288,g3,p28,z23,0.162406015
1347,g3,p28,z23,0.236240602
537,g3,p28,z23,0.184661654
1139,g3,p28,z23,0.234586466
1211,g3,p28,z23,0.225909774
49,g3,p28,z23,0.169172932
451,g3,p28,z23,0.190601504
177,g3,p28,z23,0.166917293
104,g3,p28,z23,0.155639098
261,g3,p28,z23,0.180451128
1284,g3,p28,z23,0.226165414
1212,g3,p28,z23,0.240601504
1221,g3,p28,z23,0.240601504
1182,g3,p28,z23,0.257443609
1367,g3,p28,z23,0.257443609
3,g3,p28,z23,0.166015038
379,g3,p28,z23,0.178045113
623,g3,p28,z23,0.220150376
1117,g3,p28,z23,0.218947368
745,g3,p28,z23,0.204511278
317,g3,p28,z23,0.185263158
1356,g3,p28,z23,0.257443609
561,g3,p28,z23,0.20643609
1334,g3,p28,z23,0.235488722
675,g3,p28,z23,0.204511278
1097,g3,p28,z23,0.240601504
1256,g3,p28,z23,0.226815038
649,g3,p28,z23,0.204511278
118,g3,p28,z23,0.166015038
1363,g3,p28,z23,0.257443609
1066,g3,p28,z23,0.226165414
1027,g3,p28,z23,0.240601504
1219,g3,p28,z23,0.240601504
73,g3,p28,z23,0.180451128
1108,g3,p28,z23,0.218947368
1254,g3,p28,z23,0.226165414
611,g3,p28,z23,0.215338346
408,g3,p28,z23,0.20643609
506,g3,p28,z23,0.203308271
381,g3,p28,z23,0.178045113
384,g3,p28,z23,0.178045113
701,g3,p28,z23,0.220150376
791,g3,p28,z23,0.240601504
793,g3,p28,z23,0.240601504
1010,g3,p28,z23,0.240300752
479,g3,p28,z23,0.204511278
1172,g3,p28,z23,0.245413534
795,g3,p28,z23,0.236736842
43,g3,p28,z23,0.191729323
842,g3,p28,z23,0.23518797
1259,g3,p28,z23,0.240625564
1122,g3,p28,z23,0.232631579
36,g3,p28,z23,0.191729323
57,g3,p28,z23,0.191729323
271,g3,p28,z23,0.204511278
1223,g3,p28,z23,0.255639098
1290,g3,p28,z23,0.240300752
1209,g3,p28,z23,0.253383459
1263,g3,p28,z23,0.240625564
1271,g3,p28,z23,0.236613534
7,g3,p28,z23,0.176390977
380,g3,p28,z23,0.189172932
766,g3,p28,z23,0.255639098
1164,g3,p28,z23,0.246078195
660,g3,p28,z23,0.230368421
683,g3,p28,z23,0.247669173
1381,g3,p28,z23,0.28962406
821,g3,p28,z23,0.249022556
1202,g3,p28,z23,0.270676692
1204,g3,p28,z23,0.270676692
764,g3,p28,z23,0.270676692
1277,g3,p28,z23,0.25443609
996,g3,p28,z23,0.270676692
1049,g3,p28,z23,0.238195489
1322,g3,p28,z23,0.257142857
742,g3,p28,z23,0.230075188
1352,g3,p28,z23,0.271729323
41,g3,p28,z23,0.214285714
1170,g3,p28,z23,0.274285714
1115,g3,p28,z23,0.26
1345,g3,p28,z23,0.299323308
457,g3,p28,z23,0.241720301
1354,g3,p28,z23,0.295488722
673,g3,p28,z23,0.242857143
804,g3,p28,z23,0.262857143
820,g3,p28,z23,0.262857143
1325,g3,p28,z23,0.271428571
1269,g3,p28,z23,0.268571429
1116,g3,p28,z23,0.26
1160,g3,p28,z23,0.272120301
899,g3,p28,z23,0.268571429
449,g3,p28,z23,0.241428571
835,g3,p28,z23,0.278568421
458,g3,p28,z23,0.254135338
89,g3,p28,z23,0.207518797
1369,g3,p28,z23,0.321804511
744,g3,p28,z23,0.255639098
1100,g3,p28,z23,0.273684211
1368,g3,p28,z23,0.321804511
1199,g3,p28,z23,0.30075188
1291,g3,p28,z23,0.282706767
1255,g3,p28,z23,0.282706767
1275,g3,p28,z23,0.282706767
1321,g3,p28,z23,0.3
1279,g3,p28,z23,0.296842105
1265,g3,p28,z23,0.296842105
1278,g3,p28,z23,0.296842105
1374,g3,p28,z23,0.337894737
1230,g3,p28,z23,0.316135338
817,g3,p28,z23,0.290526316
1328,g3,p28,z23,0.3
1324,g3,p28,z23,0.3
1206,g3,p28,z23,0.315789474
751,g3,p28,z23,0.281203008
1102,g3,p28,z23,0.301052632
1234,g3,p28,z23,0.332030075
1317,g3,p28,z23,0.328571429
1331,g3,p28,z23,0.328571429
1333,g3,p28,z23,0.324285714
974,g3,p28,z23,0.328571429
275,g3,p28,z23,0.276691729
1251,g3,p28,z23,0.345864662
1340,g3,p28,z23,0.354736842
1355,g3,p28,z23,0.357293233
1233,g3,p28,z23,0.352481203
456,g3,p28,z23,0.304962406
1237,g3,p28,z23,0.360902256
646,g3,p28,z23,0.330225564
1323,g3,p28,z23,0.342857143
639,g3,p28,z23,0.343984962
638,g3,p28,z23,0.343984962
1246,g3,p28,z23,0.353729323
1329,g3,p28,z23,0.357142857
676,g3,p28,z23,0.319548872
1276,g3,p28,z23,0.367518797
1280,g3,p28,z23,0.367518797
1338,g3,p28,z23,0.415263158
1262,g3,p28,z23,0.381654135
589,g3,p28,z23,0.385263158
1339,g3,p28,z23,0.447443609
1332,g3,p28,z23,0.428571429
1101,g3,p28,z23,0.492631579
975,g3,p28,z23,0.542858647
1242,g3,p28,z23,-0.015037594
1247,g3,p28,z23,0.552631579
1248,g3,p28,z23,0.488721805
703,g3,p28,z23,0.233909774
295,g3,p28,z23,-0.012030075
193,g3,p28,z23,0
948,g3,p28,z23,0.115488722
955,g3,p28,z23,0.135338346
962,g3,p28,z23,0.114285714
969,g3,p28,z23,0.1
976,g3,p28,z23,0.1
927,g3,p28,z23,0.098947368
934,g3,p28,z23,0.105263158
593,g3,p28,z23,0.096315789
954,g3,p28,z23,0.103150376
945,g3,p28,z23,0.101052632
282,g3,p28,z23,0.084210526
334,g3,p28,z23,0.084210526
1282,g3,p28,z23,0.098947368
1029,g3,p28,z23,0.105263158
690,g3,p28,z23,0.096315789
63,g3,p28,z23,0.072631579
8,g3,p28,z23,0.072631579
533,g3,p28,z23,0.090315789
1020,g3,p28,z23,0.098947368
953,g3,p28,z23,0.105263158
1025,g3,p28,z23,0.105263158
1036,g3,p28,z23,0.105263158
944,g3,p28,z23,0.101052632
358,g3,p28,z23,0.084210526
69,g3,p28,z23,0.075064662
1082,g3,p28,z23,0.094706767
606,g3,p28,z23,0.094210526
1133,g3,p28,z23,0.108421053
321,g3,p28,z23,0.081052632
293,g3,p28,z23,0.075789474
302,g3,p28,z23,0.075789474
312,g3,p28,z23,0.075789474
952,g3,p28,z23,0.101052632
1166,g3,p28,z23,0.101052632
521,g3,p28,z23,0.084105263
62,g3,p28,z23,0.078947368
433,g3,p28,z23,0.088947368
507,g3,p28,z23,0.088947368
799,g3,p28,z23,0.096842105
81,g3,p28,z23,0.072631579
116,g3,p28,z23,0.072631579
715,g3,p28,z23,0.096315789
718,g3,p28,z23,0.096315789
1151,g3,p28,z23,0.112631579
1305,g3,p28,z23,0.112631579
166,g3,p28,z23,0.077894737
167,g3,p28,z23,0.077894737
172,g3,p28,z23,0.077894737
222,g3,p28,z23,0.077894737
375,g3,p28,z23,0.077894737
778,g3,p28,z23,0.105263158
953,g3,p28,z23,0.105263158
1201,g3,p28,z23,0.105263158
1218,g3,p28,z23,0.105263158
882,g3,p28,z23,0.098947368
1020,g3,p28,z23,0.098947368
124,g3,p28,z23,0.084210526
272,g3,p28,z23,0.084210526
338,g3,p28,z23,0.084210526
370,g3,p28,z23,0.084210526
1086,g3,p28,z23,0.098947368
1090,g3,p28,z23,0.098947368
1285,g3,p28,z23,0.098947368
1134,g3,p28,z23,0.112631579
1135,g3,p28,z23,0.112631579
1177,g3,p28,z23,0.112631579
412,g3,p28,z23,0.090315789
540,g3,p28,z23,0.084105263
947,g3,p28,z23,0.101052632
987,g3,p28,z23,0.097894737
352,g3,p28,z23,0.084210526
184,g3,p28,z23,0.084210526
186,g3,p28,z23,0.084210526
213,g3,p28,z23,0.084210526
266,g3,p28,z23,0.084210526
284,g3,p28,z23,0.084210526
326,g3,p28,z23,0.084210526
330,g3,p28,z23,0.084210526
341,g3,p28,z23,0.084210526
343,g3,p28,z23,0.084210526
356,g3,p28,z23,0.084210526
470,g3,p28,z23,0.084210526
901,g3,p28,z23,0.098947368
1008,g3,p28,z23,0.098947368
1011,g3,p28,z23,0.098947368
1073,g3,p28,z23,0.098947368
1075,g3,p28,z23,0.098947368
1084,g3,p28,z23,0.098947368
1061,g3,p28,z23,0.105263158
1096,g3,p28,z23,0.105263158
771,g3,p28,z23,0.105263158
790,g3,p28,z23,0.105263158
995,g3,p28,z23,0.105263158
1038,g3,p28,z23,0.105263158
818,g3,p28,z23,0.096842105
825,g3,p28,z23,0.096842105
830,g3,p28,z23,0.096842105
860,g3,p28,z23,0.096842105
878,g3,p28,z23,0.096842105
371,g3,p28,z23,0.077894737
238,g3,p28,z23,0.077894737
235,g3,p28,z23,0.077894737
151,g3,p28,z23,0.077894737
154,g3,p28,z23,0.077894737
200,g3,p28,z23,0.077894737
374,g3,p28,z23,0.077894737
1183,g3,p28,z23,0.112631579
583,g3,p28,z23,0.096315789
585,g3,p28,z23,0.096315789
635,g3,p28,z23,0.096315789
643,g3,p28,z23,0.096315789
644,g3,p28,z23,0.096315789
720,g3,p28,z23,0.096315789
432,g3,p28,z23,0.088947368
486,g3,p28,z23,0.088947368
424,g3,p28,z23,0.090315789
423,g3,p28,z23,0.090315789
427,g3,p28,z23,0.090315789
429,g3,p28,z23,0.090315789
958,g3,p28,z23,0.1
963,g3,p28,z23,0.1
970,g3,p28,z23,0.1
982,g3,p28,z23,0.1
669,g3,p28,z23,0.089473684
674,g3,p28,z23,0.089473684
738,g3,p28,z23,0.089473684
525,g3,p28,z23,0.084105263
522,g3,p28,z23,0.084105263
524,g3,p28,z23,0.084105263
287,g3,p28,z23,0.075789474
296,g3,p28,z23,0.075789474
297,g3,p28,z23,0.075789474
306,g3,p28,z23,0.075789474
309,g3,p28,z23,0.075789474
1113,g3,p28,z23,0.095789474
1123,g3,p28,z23,0.095789474
316,g3,p28,z23,0.081052632
904,g3,p28,z23,0.09927218
837,g3,p28,z23,0.097142857
960,g3,p28,z23,0.100001504
1132,g3,p28,z23,0.108421053
1306,g3,p28,z23,0.110218045
1178,g3,p28,z23,0.113001504
1185,g3,p28,z23,0.113001504
158,g3,p28,z23,0.070676692
256,g3,p28,z23,0.083007519
605,g3,p28,z23,0.094827068
712,g3,p28,z23,0.094251128
1156,g3,p28,z23,0.109473684
65,g3,p28,z23,0.072631579
91,g3,p28,z23,0.072631579
94,g3,p28,z23,0.072631579
112,g3,p28,z23,0.072631579
17,g3,p28,z23,0.072631579
24,g3,p28,z23,0.072631579
9,g3,p28,z23,0.072631579
1077,g3,p28,z23,0.089323308
441,g3,p28,z23,0.07682406
615,g3,p28,z23,0.08287218
622,g3,p28,z23,0.08287218
925,g3,p28,z23,0.079121805
964,g3,p28,z23,0.083571429
987,g3,p28,z23,0.083909774
1141,g3,p28,z23,0.093834586
1154,g3,p28,z23,0.093834586
781,g3,p28,z23,0.090571429
1064,g3,p28,z23,0.090571429
160,g3,p28,z23,0.059548872
917,g3,p28,z23,0.077593985
924,g3,p28,z23,0.077593985
651,g3,p28,z23,0.076691729
942,g3,p28,z23,0.086616541
38,g3,p28,z23,0.067669173
54,g3,p28,z23,0.067669173
519,g3,p28,z23,0.072090226
528,g3,p28,z23,0.072090226
545,g3,p28,z23,0.072090226
536,g3,p28,z23,0.077413534
560,g3,p28,z23,0.077413534
435,g3,p28,z23,0.076240602
446,g3,p28,z23,0.076240602
484,g3,p28,z23,0.076240602
599,g3,p28,z23,0.082556391
713,g3,p28,z23,0.082556391
725,g3,p28,z23,0.082556391
726,g3,p28,z23,0.082556391
67,g3,p28,z23,0.062255639
87,g3,p28,z23,0.062255639
113,g3,p28,z23,0.062255639
12,g3,p28,z23,0.062255639
385,g3,p28,z23,0.066766917
175,g3,p28,z23,0.066766917
228,g3,p28,z23,0.066766917
390,g3,p28,z23,0.066766917
802,g3,p28,z23,0.083007519
810,g3,p28,z23,0.083007519
819,g3,p28,z23,0.083007519
836,g3,p28,z23,0.083007519
840,g3,p28,z23,0.083007519
868,g3,p28,z23,0.083007519
873,g3,p28,z23,0.083007519
1184,g3,p28,z23,0.096541353
1196,g3,p28,z23,0.096541353
1300,g3,p28,z23,0.096541353
1378,g3,p28,z23,0.096541353
1147,g3,p28,z23,0.096541353
1175,g3,p28,z23,0.096541353
1298,g3,p28,z23,0.096541353
1303,g3,p28,z23,0.096541353
1311,g3,p28,z23,0.096541353
1009,g3,p28,z23,0.08481203
1083,g3,p28,z23,0.08481203
1283,g3,p28,z23,0.08481203
1288,g3,p28,z23,0.08481203
1289,g3,p28,z23,0.08481203
1081,g3,p28,z23,0.08481203
1285,g3,p28,z23,0.08481203
1037,g3,p28,z23,0.090225564
1055,g3,p28,z23,0.090225564
782,g3,p28,z23,0.090225564
787,g3,p28,z23,0.090225564
788,g3,p28,z23,0.090225564
1025,g3,p28,z23,0.090225564
1031,g3,p28,z23,0.090225564
1059,g3,p28,z23,0.090225564
1222,g3,p28,z23,0.090225564
138,g3,p28,z23,0.072180451
254,g3,p28,z23,0.072180451
267,g3,p28,z23,0.072180451
327,g3,p28,z23,0.072180451
344,g3,p28,z23,0.072180451
347,g3,p28,z23,0.072180451
351,g3,p28,z23,0.072180451
355,g3,p28,z23,0.072180451
1132,g3,p28,z23,0.092932331
1297,g3,p28,z23,0.096541353
96,g3,p28,z23,0.067669173
93,g3,p28,z23,0.062255639
1,g3,p28,z23,0.062255639
252,g3,p28,z23,0.072180451
340,g3,p28,z23,0.072180451
1224,g3,p28,z23,0.090225564
559,g3,p28,z23,0.077413534
1009,g3,p28,z23,0.08481203
1169,g3,p28,z23,0.086616541
826,g3,p28,z23,0.083007519
126,g3,p28,z23,0.072180451
134,g3,p28,z23,0.072180451
141,g3,p28,z23,0.072180451
144,g3,p28,z23,0.072180451
183,g3,p28,z23,0.072180451
361,g3,p28,z23,0.072180451
99,g3,p28,z23,0.062255639
1142,g3,p28,z23,0.093834586
1235,g3,p28,z23,0.086616541
409,g3,p28,z23,0.077413534
566,g3,p28,z23,0.077413534
580,g3,p28,z23,0.077413534
452,g3,p28,z23,0.076240602
594,g3,p28,z23,0.082556391
630,g3,p28,z23,0.082556391
708,g3,p28,z23,0.082556391
719,g3,p28,z23,0.082556391
875,g3,p28,z23,0.083007519
153,g3,p28,z23,0.066766917
219,g3,p28,z23,0.066766917
768,g3,p28,z23,0.090225564
770,g3,p28,z23,0.090225564
1032,g3,p28,z23,0.090225564
1035,g3,p28,z23,0.090225564
923,g3,p28,z23,0.077593985
42,g3,p28,z23,0.067669173
443,g3,p28,z23,0.076240602
488,g3,p28,z23,0.076240602
636,g3,p28,z23,0.082556391
428,g3,p28,z23,0.077413534
657,g3,p28,z23,0.076691729
679,g3,p28,z23,0.076691729
866,g3,p28,z23,0.083007519
941,g3,p28,z23,0.086616541
799,g3,p28,z23,0.069172932
857,g3,p28,z23,0.069172932
864,g3,p28,z23,0.069172932
871,g3,p28,z23,0.069172932
892,g3,p28,z23,0.070676692
899,g3,p28,z23,0.070676692
906,g3,p28,z23,0.070676692
913,g3,p28,z23,0.070676692
997,g3,p28,z23,0.07518797
150,g3,p28,z23,0.060150376
262,g3,p28,z23,0.060150376
1076,g3,p28,z23,0.07518797
219,g3,p28,z23,0.055639098
1075,g3,p28,z23,0.070676692
139,g3,p28,z23,0.060150376
1144,g3,p28,z23,0.078195489
526,g3,p28,z23,0.060075188
558,g3,p28,z23,0.060075188
724,g3,p28,z23,0.068796992
1127,g3,p28,z23,0.080451128
798,g3,p28,z23,0.069172932
936,g3,p28,z23,0.07518797
999,g3,p28,z23,0.07518797
1036,g3,p28,z23,0.07518797
1076,g3,p28,z23,0.07518797
1099,g3,p28,z23,0.07518797
893,g3,p28,z23,0.070676692
356,g3,p28,z23,0.060150376
1180,g3,p28,z23,0.080451128
1197,g3,p28,z23,0.080451128
1028,g3,p28,z23,0.07518797
1056,g3,p28,z23,0.07518797
1058,g3,p28,z23,0.07518797
1061,g3,p28,z23,0.07518797
1176,g3,p28,z23,0.080821053
950,g3,p28,z23,0.072180451
586,g3,p28,z23,0.067001504
1190,g3,p28,z23,0.076691729
1191,g3,p28,z23,0.076691729
633,g3,p28,z23,0.069112782
918,g3,p28,z23,0.064661654
919,g3,p28,z23,0.064661654
1118,g3,p28,z23,0.068421053
1119,g3,p28,z23,0.068421053
943,g3,p28,z23,0.072180451
948,g3,p28,z23,0.072180451
951,g3,p28,z23,0.072180451
938,g3,p28,z23,0.072180451
540,g3,p28,z23,0.060075188
542,g3,p28,z23,0.060075188
523,g3,p28,z23,0.060075188
300,g3,p28,z23,0.054135338
404,g3,p28,z23,0.064511278
413,g3,p28,z23,0.064511278
510,g3,p28,z23,0.063533835
447,g3,p28,z23,0.063533835
700,g3,p28,z23,0.068796992
595,g3,p28,z23,0.068796992
629,g3,p28,z23,0.068796992
647,g3,p28,z23,0.068796992
696,g3,p28,z23,0.068796992
710,g3,p28,z23,0.068796992
714,g3,p28,z23,0.068796992
731,g3,p28,z23,0.068796992
1135,g3,p28,z23,0.080451128
1186,g3,p28,z23,0.080451128
1179,g3,p28,z23,0.080451128
80,g3,p28,z23,0.051879699
199,g3,p28,z23,0.055639098
223,g3,p28,z23,0.055639098
232,g3,p28,z23,0.055639098
237,g3,p28,z23,0.055639098
378,g3,p28,z23,0.055639098
165,g3,p28,z23,0.055639098
197,g3,p28,z23,0.055639098
383,g3,p28,z23,0.055639098
1062,g3,p28,z23,0.07518797
930,g3,p28,z23,0.07518797
765,g3,p28,z23,0.07518797
784,g3,p28,z23,0.07518797
931,g3,p28,z23,0.07518797
1040,g3,p28,z23,0.07518797
1217,g3,p28,z23,0.07518797
1060,g3,p28,z23,0.07518797
909,g3,p28,z23,0.070676692
1022,g3,p28,z23,0.070676692
1069,g3,p28,z23,0.070676692
1092,g3,p28,z23,0.070676692
1093,g3,p28,z23,0.070676692
1071,g3,p28,z23,0.070676692
246,g3,p28,z23,0.060150376
471,g3,p28,z23,0.060150376
265,g3,p28,z23,0.060150376
363,g3,p28,z23,0.060150376
119,g3,p28,z23,0.060150376
251,g3,p28,z23,0.060150376
263,g3,p28,z23,0.060150376
328,g3,p28,z23,0.060150376
360,g3,p28,z23,0.060150376
461,g3,p28,z23,0.060150376
140,g3,p28,z23,0.060150376
269,g3,p28,z23,0.060150376
981,g3,p28,z23,0.071428571
797,g3,p28,z23,0.069172932
816,g3,p28,z23,0.069172932
828,g3,p28,z23,0.069172932
838,g3,p28,z23,0.069172932
858,g3,p28,z23,0.069172932
827,g3,p28,z23,0.069172932
869,g3,p28,z23,0.069172932
829,g3,p28,z23,0.069172932
750,g3,p28,z23,0.063909774
96,g3,p28,z23,0.056390977
656,g3,p28,z23,0.05112782
678,g3,p28,z23,0.05112782
749,g3,p28,z23,0.05112782
665,g3,p28,z23,0.05112782
323,g3,p28,z23,0.046315789
322,g3,p28,z23,0.046315789
966,g3,p28,z23,0.057142857
811,g3,p28,z23,0.055338346
824,g3,p28,z23,0.055338346
850,g3,p28,z23,0.055338346
853,g3,p28,z23,0.055338346
854,g3,p28,z23,0.055338346
857,g3,p28,z23,0.055338346
826,g3,p28,z23,0.055338346
11,g3,p28,z23,0.041503759
1,g3,p28,z23,0.041503759
110,g3,p28,z23,0.041503759
21,g3,p28,z23,0.041503759
84,g3,p28,z23,0.041503759
111,g3,p28,z23,0.041503759
97,g3,p28,z23,0.041503759
349,g3,p28,z23,0.048120301
472,g3,p28,z23,0.048120301
391,g3,p28,z23,0.048120301
281,g3,p28,z23,0.048120301
336,g3,p28,z23,0.048120301
257,g3,p28,z23,0.048120301
142,g3,p28,z23,0.048120301
345,g3,p28,z23,0.048120301
259,g3,p28,z23,0.048120301
189,g3,p28,z23,0.048120301
194,g3,p28,z23,0.048120301
463,g3,p28,z23,0.048120301
1176,g3,p28,z23,0.064360902
1377,g3,p28,z23,0.064360902
944,g3,p28,z23,0.057744361
946,g3,p28,z23,0.057744361
216,g3,p28,z23,0.044511278
207,g3,p28,z23,0.044511278
178,g3,p28,z23,0.044511278
236,g3,p28,z23,0.044511278
209,g3,p28,z23,0.044511278
372,g3,p28,z23,0.044511278
220,g3,p28,z23,0.044511278
205,g3,p28,z23,0.044511278
239,g3,p28,z23,0.044511278
241,g3,p28,z23,0.044511278
294,g3,p28,z23,0.043308271
1085,g3,p28,z23,0.056541353
902,g3,p28,z23,0.056541353
1264,g3,p28,z23,0.056541353
1087,g3,p28,z23,0.056541353
908,g3,p28,z23,0.056541353
1058,g3,p28,z23,0.060150376
777,g3,p28,z23,0.060150376
785,g3,p28,z23,0.060150376
789,g3,p28,z23,0.060150376
792,g3,p28,z23,0.060150376
601,g3,p28,z23,0.054142857
1138,g3,p28,z23,0.063458647
600,g3,p28,z23,0.053834586
923,g3,p28,z23,0.051729323
1120,g3,p28,z23,0.054736842
517,g3,p28,z23,0.04806015
410,g3,p28,z23,0.051609023
418,g3,p28,z23,0.051609023
570,g3,p28,z23,0.051609023
572,g3,p28,z23,0.051609023
444,g3,p28,z23,0.050827068
505,g3,p28,z23,0.050827068
511,g3,p28,z23,0.050827068
455,g3,p28,z23,0.050827068
584,g3,p28,z23,0.055037594
727,g3,p28,z23,0.055037594
694,g3,p28,z23,0.055037594
732,g3,p28,z23,0.055037594
588,g3,p28,z23,0.055037594
620,g3,p28,z23,0.055037594
634,g3,p28,z23,0.055037594
687,g3,p28,z23,0.055037594
722,g3,p28,z23,0.055037594
494,g3,p28,z23,0.050827068
965,g3,p28,z23,0.053186466
1127,g3,p28,z23,0.063308271
1178,g3,p28,z23,0.064360902
127,g3,p28,z23,0.048120301
1095,g3,p28,z23,0.060150376
1004,g3,p28,z23,0.060150376
1314,g3,p28,z23,0.064360902
95,g3,p28,z23,0.041503759
196,g3,p28,z23,0.044511278
201,g3,p28,z23,0.044511278
214,g3,p28,z23,0.044511278
419,g3,p28,z23,0.051609023
498,g3,p28,z23,0.050827068
564,g3,p28,z23,0.051609023
729,g3,p28,z23,0.055037594
922,g3,p28,z23,0.051088722
955,g3,p28,z23,0.060150376
997,g3,p28,z23,0.060150376
1012,g3,p28,z23,0.056541353
1078,g3,p28,z23,0.056541353
1180,g3,p28,z23,0.064360902
10,g3,p28,z23,0.041503759
1079,g3,p28,z23,0.056541353
1109,g3,p28,z23,0.054736842
1123,g3,p28,z23,0.054736842
1127,g3,p28,z23,0.064360902
1137,g3,p28,z23,0.064360902
649,g3,p28,z23,0.05112782
741,g3,p28,z23,0.05112782
811,g3,p28,z23,0.055338346
815,g3,p28,z23,0.055338346
836,g3,p28,z23,0.055338346
844,g3,p28,z23,0.055338346
847,g3,p28,z23,0.055338346
1008,g3,p28,z23,0.056541353
1075,g3,p28,z23,0.056541353
1089,g3,p28,z23,0.056541353
1025,g3,p28,z23,0.060150376
1032,g3,p28,z23,0.060150376
1039,g3,p28,z23,0.060150376
1057,g3,p28,z23,0.060150376
1065,g3,p28,z23,0.060150376
1162,g3,p28,z23,0.043753383
44,g3,p28,z23,0.033834586
1126,g3,p28,z23,0.045112782
797,g3,p28,z23,0.041503759
822,g3,p28,z23,0.041503759
829,g3,p28,z23,0.041503759
1051,g3,p28,z23,0.039699248
1172,g3,p28,z23,0.043308271
1143,g3,p28,z23,0.046917293
666,g3,p28,z23,0.038345865
557,g3,p28,z23,0.036045113
298,g3,p28,z23,0.032481203
628,g3,p28,z23,0.041278195
707,g3,p28,z23,0.041278195
870,g3,p28,z23,0.041503759
994,g3,p28,z23,0.045112782
192,g3,p28,z23,0.036090226
364,g3,p28,z23,0.036090226
870,g3,p28,z23,0.041503759
1013,g3,p28,z23,0.042406015
202,g3,p28,z23,0.033383459
735,g3,p28,z23,0.039639098
897,g3,p28,z23,0.042406015
906,g3,p28,z23,0.042406015
1067,g3,p28,z23,0.042406015
1094,g3,p28,z23,0.042406015
894,g3,p28,z23,0.042406015
907,g3,p28,z23,0.042406015
1090,g3,p28,z23,0.042406015
1033,g3,p28,z23,0.045112782
998,g3,p28,z23,0.045112782
783,g3,p28,z23,0.045112782
933,g3,p28,z23,0.045112782
1041,g3,p28,z23,0.045112782
1056,g3,p28,z23,0.045112782
226,g3,p28,z23,0.033383459
208,g3,p28,z23,0.033383459
489,g3,p28,z23,0.038120301
434,g3,p28,z23,0.038120301
581,g3,p28,z23,0.041278195
598,g3,p28,z23,0.041278195
616,g3,p28,z23,0.041278195
686,g3,p28,z23,0.041278195
693,g3,p28,z23,0.041278195
575,g3,p28,z23,0.038706767
405,g3,p28,z23,0.038706767
950,g3,p28,z23,0.043308271
949,g3,p28,z23,0.043308271
538,g3,p28,z23,0.036045113
921,g3,p28,z23,0.038796992
92,g3,p28,z23,0.03112782
83,g3,p28,z23,0.03112782
98,g3,p28,z23,0.03112782
460,g3,p28,z23,0.036090226
193,g3,p28,z23,0.036090226
137,g3,p28,z23,0.036090226
143,g3,p28,z23,0.036090226
809,g3,p28,z23,0.041503759
861,g3,p28,z23,0.041503759
871,g3,p28,z23,0.041503759
680,g3,p28,z23,0.038345865
42,g3,p28,z23,0.022556391
358,g3,p28,z23,0.02406015
466,g3,p28,z23,0.02406015
129,g3,p28,z23,0.02406015
250,g3,p28,z23,0.02406015
264,g3,p28,z23,0.02406015
128,g3,p28,z23,0.02406015
851,g3,p28,z23,0.027669173
874,g3,p28,z23,0.027669173
812,g3,p28,z23,0.027669173
225,g3,p28,z23,0.022255639
221,g3,p28,z23,0.022255639
218,g3,p28,z23,0.022255639
161,g3,p28,z23,0.022255639
217,g3,p28,z23,0.022255639
941,g3,p28,z23,0.02887218
883,g3,p28,z23,0.028270677
896,g3,p28,z23,0.028270677
1072,g3,p28,z23,0.028270677
1089,g3,p28,z23,0.028270677
916,g3,p28,z23,0.025864662
767,g3,p28,z23,0.030075188
1030,g3,p28,z23,0.030075188
1177,g3,p28,z23,0.032180451
491,g3,p28,z23,0.025413534
416,g3,p28,z23,0.025804511
587,g3,p28,z23,0.027518797
596,g3,p28,z23,0.027518797
627,g3,p28,z23,0.027518797
734,g3,p28,z23,0.027518797
543,g3,p28,z23,0.024030075
1051,g3,p28,z23,0.026466165
723,g3,p28,z23,0.027518797
0,g3,p28,z23,0.02075188
884,g3,p28,z23,0.028270677
1013,g3,p28,z23,0.028270677
0,g3,p28,z23,0.02075188
352,g3,p28,z23,0.02406015
790,g3,p28,z23,0.030075188
1278,g3,p28,z23,0.028270677
678,g3,p28,z23,0.029630075
365,g3,p28,z23,0.023783459
610,g3,p28,z23,0.013458647
1111,g3,p28,z23,0.013684211
1122,g3,p28,z23,0.013684211
1118,g3,p28,z23,0.013684211
1053,g3,p28,z23,0.013233083
939,g3,p28,z23,0.01443609
946,g3,p28,z23,0.01443609
984,g3,p28,z23,0.014285714
974,g3,p28,z23,0.014285714
312,g3,p28,z23,0.010827068
1360,g3,p28,z23,0.016090226
1371,g3,p28,z23,0.016090226
1186,g3,p28,z23,0.016090226
1296,g3,p28,z23,0.016090226
1314,g3,p28,z23,0.016090226
743,g3,p28,z23,0.012781955
750,g3,p28,z23,0.012781955
435,g3,p28,z23,0.012706767
116,g3,p28,z23,0.01037594
1087,g3,p28,z23,0.014135338
893,g3,p28,z23,0.014135338
1276,g3,p28,z23,0.014135338
770,g3,p28,z23,0.015037594
1003,g3,p28,z23,0.015037594
1038,g3,p28,z23,0.015037594
1206,g3,p28,z23,0.015037594
1209,g3,p28,z23,0.015037594
1238,g3,p28,z23,0.015037594
1249,g3,p28,z23,0.015037594
713,g3,p28,z23,0.013759398
173,g3,p28,z23,0.01112782
363,g3,p28,z23,0.012030075
246,g3,p28,z23,0.012030075
284,g3,p28,z23,0.012030075
467,g3,p28,z23,0.012030075
1088,g3,p28,z23,0.014135338
883,g3,p28,z23,0.014135338
1236,g3,p28,z23,0.01443609
697,g3,p28,z23,0.013759398
319,g3,p28,z23,0.011578947
1044,g3,p28,z23,0.013233083
735,g3,p28,z23,0.012781955
462,g3,p28,z23,0.012030075
365,g3,p28,z23,0.012030075
156,g3,p28,z23,0.01112782
202,g3,p28,z23,0.01112782
884,g3,p28,z23,0.014135338
934,g3,p28,z23,0.015037594
1004,g3,p28,z23,0.015037594
406,g3,p28,z23,0.012902256
421,g3,p28,z23,0.012902256
697,g3,p28,z23,0.013759398
692,g3,p28,z23,0.013759398
730,g3,p28,z23,0.013759398
1403,g3,p28,z23,0.482706767
1409,g3,p28,z23,0.34962406
1402,g3,p28,z23,0.450526316
1408,g3,p28,z23,0.363609023
1398,g3,p28,z23,0.351571429
1405,g3,p28,z23,0.313383459
1406,g3,p28,z23,0.335639098
1407,g3,p28,z23,0.223759398
1400,g3,p28,z23,0.31636391
1401,g3,p28,z23,0.257443609
1399,g3,p28,z23,0.236526316
1410,g3,p28,z23,0.195789474
1397,g3,p28,z23,0.193082707
1396,g3,p28,z23,0.176992481
1404,g3,p28,z23,0.112631579
1396,g3,p28,z23,0.080451128
1405,g3,p28,z23,0.090225564
1401,g3,p28,z23,0.112631579
1398,g3,p28,z23,0.096541353
1397,g3,p28,z23,0.225263158
1400,g3,p28,z23,0.14481203
1410,g3,p28,z23,0.125864662
1404,g3,p28,z23,0.158796992
1407,g3,p28,z23,0.139849624
1403,g3,p28,z23,0.14481203
1402,g3,p28,z23,0.176992481
1408,g3,p28,z23,0.209774436
1399,g3,p28,z23,0.225263158
1406,g3,p28,z23,0.223759398
1409,g3,p28,z23,0.223759398
1487,g3,p28,z23,0.145864662
1492,g3,p28,z23,0.145930827
1489,g3,p28,z23,0.102105263
1488,g3,p28,z23,0.189690226
1493,g3,p28,z23,0.145930827
1490,g3,p28,z23,0.175037594
1491,g3,p28,z23,0.321001504
1491,g3,p28,z23,0.393933835
1487,g3,p28,z23,0.306348872
1492,g3,p28,z23,0.306415038
1493,g3,p28,z23,0.218830075
1489,g3,p28,z23,0.247969925
1488,g3,p28,z23,0.175037594
1490,g3,p28,z23,0.160451128
1491,g3,p28,z23,0.029172932
1494,g3,p28,z23,0.42313985
1500,g3,p28,z23,0.238195489
1495,g3,p28,z23,0.233416541
1497,g3,p28,z23,0.193082707
1499,g3,p28,z23,0.160902256
1496,g3,p28,z23,0.116691729
1498,g3,p28,z23,0.128721805
1498,g3,p28,z23,0.080451128
1496,g3,p28,z23,0.131278195
1497,g3,p28,z23,0.14481203
1500,g3,p28,z23,0.14887218
1495,g3,p28,z23,0.160451128
1494,g3,p28,z23,0.204210526
1499,g3,p28,z23,0.064360902
1506,g3,p28,z23,0.119097744
1502,g3,p28,z23,0.14887218
1504,g3,p28,z23,0.119097744
1503,g3,p28,z23,0.223308271
1501,g3,p28,z23,0.267969925
1506,g3,p28,z23,0.253082707
1503,g3,p28,z23,0.282857143
1501,g3,p28,z23,0.20962406
1504,g3,p28,z23,0.14887218
1505,g3,p28,z23,0.14887218
1502,g3,p28,z23,0.059548872
1507,g3,p28,z23,0.059548872
1505,g3,p28,z23,0.089323308
1507,g3,p28,z23,0.059548872
1479,g3,p28,z23,0.393867669
1478,g3,p28,z23,0.262589474
1474,g3,p28,z23,0.233416541
1473,g3,p28,z23,0.350108271
1477,g3,p28,z23,0.131311278
1476,g3,p28,z23,0.131278195
1473,g3,p28,z23,0.335521805
1475,g3,p28,z23,0.350108271
1474,g3,p28,z23,0.481386466
1479,g3,p28,z23,0.568905263
1478,g3,p28,z23,0.247969925
1476,g3,p28,z23,0.291729323
1477,g3,p28,z23,0.189657143
1475,g3,p28,z23,0.087518797
1474,g3,p28,z23,0.014586466
1470,g3,p28,z23,0.087518797
1469,g3,p28,z23,0.160451128
1471,g3,p28,z23,0.160451128
1468,g3,p28,z23,0.160451128
1466,g3,p28,z23,0.225263158
1467,g3,p28,z23,0.204210526
1472,g3,p28,z23,0.247969925
1467,g3,p28,z23,0.37924812
1468,g3,p28,z23,0.37924812
1472,g3,p28,z23,0.37924812
1469,g3,p28,z23,0.277142857
1466,g3,p28,z23,0.305714286
1471,g3,p28,z23,0.291729323
1470,g3,p28,z23,0.218863158
1511,g3,p28,z23,0.07443609
1510,g3,p28,z23,0.089323308
1512,g3,p28,z23,0.133984962
1509,g3,p28,z23,0.119097744
1513,g3,p28,z23,0.119097744
1508,g3,p28,z23,0.297744361
1514,g3,p28,z23,0.178646617
1514,g3,p28,z23,0.373383459
1513,g3,p28,z23,0.342406015
1510,g3,p28,z23,0.312631579
1509,g3,p28,z23,0.327518797
1512,g3,p28,z23,0.208421053
1508,g3,p28,z23,0.208421053
1511,g3,p28,z23,0.133984962
1514,g3,p28,z23,0.014887218
1482,g3,p28,z23,0.087518797
1483,g3,p28,z23,0.087518797
1485,g3,p28,z23,0.116691729
1481,g3,p28,z23,0.160451128
1484,g3,p28,z23,0.18962406
1486,g3,p28,z23,0.204210526
1480,g3,p28,z23,0.335488722
1486,g3,p28,z23,0.408421053
1481,g3,p28,z23,0.306415038
1480,g3,p28,z23,0.247969925
1485,g3,p28,z23,0.262556391
1483,g3,p28,z23,0.204210526
1482,g3,p28,z23,0.18962406
1484,g3,p28,z23,0.175037594
1485,g3,p28,z23,0.014586466
